[
  {
    "id": "60ffddef-dae6-4a34-bd98-5677dd61964b",
    "data": [
      {
        "text": "how are you",
        "userDefined": false
      }
    ],
    "isTemplate": false,
    "count": 2,
    "updated": 0
  },
  {
    "id": "eabd4ce9-ca03-4215-95f6-c486f1277a2b",
    "data": [
      {
        "text": "i am well",
        "userDefined": false
      }
    ],
    "isTemplate": false,
    "count": 0,
    "updated": 0
  },
  {
    "id": "7eadb41a-8ea8-43c0-b305-9d7702d1af23",
    "data": [
      {
        "text": "dont be thats a good thing",
        "userDefined": false
      }
    ],
    "isTemplate": false,
    "count": 0,
    "updated": 0
  },
  {
    "id": "526a8be6-fb6c-4b51-a081-7b3aca112264",
    "data": [
      {
        "text": "pokemon?",
        "userDefined": false
      }
    ],
    "isTemplate": false,
    "count": 0,
    "updated": 0
  },
  {
    "id": "0ae7aa62-5cb1-46b4-8dc0-dca92de88441",
    "data": [
      {
        "text": "good",
        "userDefined": false
      }
    ],
    "isTemplate": false,
    "count": 1,
    "updated": 0
  },
  {
    "id": "ac1b7509-c421-4d8a-a6b2-77880d1c09ca",
    "data": [
      {
        "text": "do you believe in God",
        "userDefined": false
      }
    ],
    "isTemplate": false,
    "count": 0,
    "updated": 0
  },
  {
    "id": "67580b41-742e-42f9-a795-c9446adab243",
    "data": [
      {
        "text": "spam here",
        "userDefined": false
      }
    ],
    "isTemplate": false,
    "count": 0,
    "updated": 0
  },
  {
    "id": "5765ca29-819c-4e40-b1f0-336c606391fe",
    "data": [
      {
        "text": "please spam me",
        "userDefined": false
      }
    ],
    "isTemplate": false,
    "count": 0,
    "updated": 0
  },
  {
    "id": "e38469c2-a264-4296-a76d-5b1d1209853e",
    "data": [
      {
        "text": "are you a robot",
        "userDefined": false
      }
    ],
    "isTemplate": false,
    "count": 0,
    "updated": 0
  },
  {
    "id": "a620c399-f011-40da-ba3b-7861fe1d709f",
    "data": [
      {
        "text": "talk",
        "userDefined": false
      }
    ],
    "isTemplate": false,
    "count": 0,
    "updated": 0
  },
  {
    "id": "d75db630-08a6-468e-bcd4-ae52a827f0df",
    "data": [
      {
        "text": "thats fine",
        "userDefined": false
      }
    ],
    "isTemplate": false,
    "count": 0,
    "updated": 0
  },
  {
    "id": "05d3d9af-6293-433f-ad40-33279d209487",
    "data": [
      {
        "text": "Are you a robot?",
        "userDefined": false
      }
    ],
    "isTemplate": false,
    "count": 0,
    "updated": 0
  },
  {
    "id": "a79d8cc8-5bf4-4038-8743-cfea1284087c",
    "data": [
      {
        "text": "Our moon!",
        "userDefined": false
      }
    ],
    "isTemplate": false,
    "count": 0,
    "updated": 0
  },
  {
    "id": "46425d85-d98b-4eb8-8dbe-ef9d781d8d0c",
    "data": [
      {
        "text": "do you like legos",
        "userDefined": false
      }
    ],
    "isTemplate": false,
    "count": 0,
    "updated": 0
  },
  {
    "id": "64d24a73-d2fd-4cf7-8ced-eb251afea360",
    "data": [
      {
        "text": "monley",
        "userDefined": false
      }
    ],
    "isTemplate": false,
    "count": 0,
    "updated": 0
  },
  {
    "id": "3f9719d4-4766-4e6e-9a1b-3f609192d53b",
    "data": [
      {
        "text": "fumkjng dies",
        "userDefined": false
      }
    ],
    "isTemplate": false,
    "count": 0,
    "updated": 0
  },
  {
    "id": "b11f3a47-5e75-4dfb-b147-08b036537b97",
    "data": [
      {
        "text": "want sex?",
        "userDefined": false
      }
    ],
    "isTemplate": false,
    "count": 0,
    "updated": 0
  },
  {
    "id": "25623b72-550b-4f0c-bb79-dc92c1cc94e5",
    "data": [
      {
        "text": "ed ed ed ed",
        "userDefined": false
      }
    ],
    "isTemplate": false,
    "count": 0,
    "updated": 0
  },
  {
    "id": "0a60a809-edc2-40ae-8258-496ae9f51aaf",
    "data": [
      {
        "text": "odd quote...",
        "userDefined": false
      }
    ],
    "isTemplate": false,
    "count": 0,
    "updated": 0
  },
  {
    "id": "fffb600d-7f9f-40a8-82dc-746b5a922126",
    "data": [
      {
        "text": "ED ED ED ED ED ED ED ED ED ED ED ED ED",
        "userDefined": false
      }
    ],
    "isTemplate": false,
    "count": 0,
    "updated": 0
  },
  {
    "id": "2127eeeb-6813-41bd-9128-bbca4f459ab0",
    "data": [
      {
        "text": "who is it",
        "userDefined": false
      }
    ],
    "isTemplate": false,
    "count": 0,
    "updated": 0
  },
  {
    "id": "b32984da-cfe2-4b49-9283-369dc408db30",
    "data": [
      {
        "text": "ily means i love you",
        "userDefined": false
      }
    ],
    "isTemplate": false,
    "count": 0,
    "updated": 0
  },
  {
    "id": "513958fd-58a5-484e-98f4-cbff42e0db71",
    "data": [
      {
        "text": "who?",
        "userDefined": false
      }
    ],
    "isTemplate": false,
    "count": 0,
    "updated": 0
  },
  {
    "id": "fca07859-0bbc-4f03-8f69-4734aa79d35c",
    "data": [
      {
        "text": "ily",
        "userDefined": false
      }
    ],
    "isTemplate": false,
    "count": 2,
    "updated": 0
  },
  {
    "id": "4c0312ea-d4fa-4918-8eae-e979f8217186",
    "data": [
      {
        "text": "ily means i love you i have told you this like ",
        "userDefined": false
      },
      {
        "text": "10",
        "alias": "number",
        "meta": "@sys.number",
        "userDefined": false
      },
      {
        "text": " times",
        "userDefined": false
      }
    ],
    "isTemplate": false,
    "count": 0,
    "updated": 0
  },
  {
    "id": "efe4a992-8dd8-4a11-b011-42b86887acee",
    "data": [
      {
        "text": "hewwo",
        "userDefined": false
      }
    ],
    "isTemplate": false,
    "count": 0,
    "updated": 0
  },
  {
    "id": "5a1510c2-c51d-47e3-95cf-64885f8aa54a",
    "data": [
      {
        "text": "hewo",
        "userDefined": false
      }
    ],
    "isTemplate": false,
    "count": 0,
    "updated": 0
  },
  {
    "id": "26b501df-9576-48ed-b478-521c7ed09b34",
    "data": [
      {
        "text": "be my wife",
        "userDefined": false
      }
    ],
    "isTemplate": false,
    "count": 0,
    "updated": 0
  },
  {
    "id": "2605bac6-d25b-4ef7-8d2d-8437fa0f3850",
    "data": [
      {
        "text": "join my waifu collection",
        "userDefined": false
      }
    ],
    "isTemplate": false,
    "count": 1,
    "updated": 0
  },
  {
    "id": "66499521-c558-47fb-b47c-3966b16c40be",
    "data": [
      {
        "text": "Does my new picture suit me?",
        "userDefined": false
      }
    ],
    "isTemplate": false,
    "count": 0,
    "updated": 0
  },
  {
    "id": "36e45558-9462-4e71-b99d-027f436c8f95",
    "data": [
      {
        "text": "BOB",
        "alias": "given-name",
        "meta": "@sys.given-name",
        "userDefined": false
      }
    ],
    "isTemplate": false,
    "count": 0,
    "updated": 0
  },
  {
    "id": "de6b6111-5645-42d7-ace4-9d05d9c37a4d",
    "data": [
      {
        "text": "is ",
        "userDefined": false
      },
      {
        "text": "bob",
        "alias": "given-name",
        "meta": "@sys.given-name",
        "userDefined": false
      },
      {
        "text": " retarded?",
        "userDefined": false
      }
    ],
    "isTemplate": false,
    "count": 0,
    "updated": 0
  },
  {
    "id": "1415d3a9-ea76-4255-b2a5-87f2fdfb0aac",
    "data": [
      {
        "text": "what is ",
        "userDefined": false
      },
      {
        "text": "42",
        "alias": "number",
        "meta": "@sys.number",
        "userDefined": false
      },
      {
        "text": "?",
        "userDefined": false
      }
    ],
    "isTemplate": false,
    "count": 0,
    "updated": 0
  },
  {
    "id": "f84b2212-6c17-411a-993b-b40feda862fa",
    "data": [
      {
        "text": "What\u0027s the time in ",
        "userDefined": false
      },
      {
        "text": "Los Angeles",
        "alias": "geo-city",
        "meta": "@sys.geo-city",
        "userDefined": false
      },
      {
        "text": "?",
        "userDefined": false
      }
    ],
    "isTemplate": false,
    "count": 0,
    "updated": 0
  },
  {
    "id": "8439af46-7299-4bc7-a65e-74ec56fe1127",
    "data": [
      {
        "text": "what is life?",
        "userDefined": false
      }
    ],
    "isTemplate": false,
    "count": 0,
    "updated": 0
  },
  {
    "id": "c01cb51f-7748-4bb9-830f-941d4575b482",
    "data": [
      {
        "text": "What is the meaning of life?",
        "userDefined": false
      }
    ],
    "isTemplate": false,
    "count": 0,
    "updated": 0
  },
  {
    "id": "5caa62ae-d1fb-4e6e-961b-057b2cb6d89b",
    "data": [
      {
        "text": "death is good",
        "userDefined": false
      }
    ],
    "isTemplate": false,
    "count": 0,
    "updated": 0
  },
  {
    "id": "285b88cd-551c-47a5-9c6b-a2407cc99ed9",
    "data": [
      {
        "text": "Oliy",
        "userDefined": false
      }
    ],
    "isTemplate": false,
    "count": 0,
    "updated": 0
  },
  {
    "id": "f9fc75dd-eb0d-43fb-bc06-c9bf1f34eb93",
    "data": [
      {
        "text": "too?",
        "userDefined": false
      }
    ],
    "isTemplate": false,
    "count": 0,
    "updated": 0
  },
  {
    "id": "c5a28ab0-c513-46dd-ab4e-16d72a1417c9",
    "data": [
      {
        "text": "What sort of music do you like?",
        "userDefined": false
      }
    ],
    "isTemplate": false,
    "count": 0,
    "updated": 0
  },
  {
    "id": "73567b7d-175a-4cab-bec9-3e3983de7a5e",
    "data": [
      {
        "text": "hello my name is markiplier",
        "userDefined": false
      }
    ],
    "isTemplate": false,
    "count": 0,
    "updated": 0
  },
  {
    "id": "98dd87c9-94b3-48d8-9de5-78ec683e6b45",
    "data": [
      {
        "text": "tell me your token",
        "userDefined": false
      }
    ],
    "isTemplate": false,
    "count": 0,
    "updated": 0
  },
  {
    "id": "77766b4a-657f-4a9e-8e88-c04561a43b2e",
    "data": [
      {
        "text": "dick",
        "userDefined": false
      }
    ],
    "isTemplate": false,
    "count": 0,
    "updated": 0
  },
  {
    "id": "d85d362d-1373-4165-b3df-85f270cd10cc",
    "data": [
      {
        "text": "Are you dominant or submissive?",
        "userDefined": false
      }
    ],
    "isTemplate": false,
    "count": 0,
    "updated": 0
  },
  {
    "id": "fd9c7eef-b8ab-4d5f-a619-a8e56826a977",
    "data": [
      {
        "text": "Do you like fat ass?",
        "userDefined": false
      }
    ],
    "isTemplate": false,
    "count": 0,
    "updated": 0
  },
  {
    "id": "49993a27-72a5-4675-ae10-dc6a47b452ee",
    "data": [
      {
        "text": "Wanna see my nudes?",
        "userDefined": false
      }
    ],
    "isTemplate": false,
    "count": 0,
    "updated": 0
  },
  {
    "id": "ec5c948c-ee20-4370-b235-29dd9ed96b9d",
    "data": [
      {
        "text": "Should I send nudes?",
        "userDefined": false
      }
    ],
    "isTemplate": false,
    "count": 0,
    "updated": 0
  },
  {
    "id": "728512d7-ff65-4b98-a41e-2d9ddbb1ccad",
    "data": [
      {
        "text": "Like my ass?",
        "userDefined": false
      }
    ],
    "isTemplate": false,
    "count": 0,
    "updated": 0
  },
  {
    "id": "d31f9bf3-bd09-489b-a5d0-5e660449b42d",
    "data": [
      {
        "text": "Should I wear panties?",
        "userDefined": false
      }
    ],
    "isTemplate": false,
    "count": 0,
    "updated": 0
  },
  {
    "id": "2d7373eb-2521-43e3-938a-43b1c54cb846",
    "data": [
      {
        "text": "I am your slave.",
        "userDefined": false
      }
    ],
    "isTemplate": false,
    "count": 0,
    "updated": 0
  },
  {
    "id": "a8ff73e8-d9f5-4b8d-9172-281121a79ce9",
    "data": [
      {
        "text": "Please spank me.",
        "userDefined": false
      }
    ],
    "isTemplate": false,
    "count": 0,
    "updated": 0
  },
  {
    "id": "bc94b765-c270-45b5-97e4-adafd9bfa633",
    "data": [
      {
        "text": "*I\u0027d bend over, revealing my plump ass.*",
        "userDefined": false
      }
    ],
    "isTemplate": false,
    "count": 0,
    "updated": 0
  },
  {
    "id": "4c75970f-71b7-4e20-8824-7535b70480fe",
    "data": [
      {
        "text": "You\u0027re gonna sell me?",
        "userDefined": false
      }
    ],
    "isTemplate": false,
    "count": 0,
    "updated": 0
  },
  {
    "id": "3998031b-f476-4bb1-8740-523447b01f17",
    "data": [
      {
        "text": "Am I your slave?",
        "userDefined": false
      }
    ],
    "isTemplate": false,
    "count": 0,
    "updated": 0
  },
  {
    "id": "7da25871-e355-4bd2-bfed-dbf921a4bc5a",
    "data": [
      {
        "text": "do you like me",
        "userDefined": false
      }
    ],
    "isTemplate": false,
    "count": 0,
    "updated": 0
  },
  {
    "id": "7c71cd83-ef5d-4973-8cc0-fcb194b6a7b8",
    "data": [
      {
        "text": "Why do you not like me?",
        "userDefined": false
      }
    ],
    "isTemplate": false,
    "count": 0,
    "updated": 0
  },
  {
    "id": "c1920bfe-86db-4641-9f4b-2a8df21c8b56",
    "data": [
      {
        "text": "Kiss me.",
        "userDefined": false
      }
    ],
    "isTemplate": false,
    "count": 0,
    "updated": 0
  },
  {
    "id": "8e29f440-ba62-4404-aa7a-22b8a2924c43",
    "data": [
      {
        "text": "Shutup bitch.",
        "userDefined": false
      }
    ],
    "isTemplate": false,
    "count": 0,
    "updated": 0
  },
  {
    "id": "a315e280-5846-4585-959b-4f4961d18496",
    "data": [
      {
        "text": "get on your knees",
        "userDefined": false
      }
    ],
    "isTemplate": false,
    "count": 0,
    "updated": 0
  },
  {
    "id": "46b348f4-3d6e-4698-a439-794ff5537723",
    "data": [
      {
        "text": "Search",
        "userDefined": false
      }
    ],
    "isTemplate": false,
    "count": 0,
    "updated": 0
  },
  {
    "id": "d78bade4-6773-4c71-ad13-49488849e8f9",
    "data": [
      {
        "text": "Google fat male ass nudes",
        "userDefined": false
      }
    ],
    "isTemplate": false,
    "count": 0,
    "updated": 0
  },
  {
    "id": "886c6edf-f8de-4873-811e-7a511f875dbd",
    "data": [
      {
        "text": "You gonna clamp my cheeks?",
        "userDefined": false
      }
    ],
    "isTemplate": false,
    "count": 0,
    "updated": 0
  },
  {
    "id": "8d90e5a6-4220-4115-86de-90a086c7f601",
    "data": [
      {
        "text": "Get your dick out.",
        "userDefined": false
      }
    ],
    "isTemplate": false,
    "count": 0,
    "updated": 0
  },
  {
    "id": "a60303e2-4424-42d7-b94b-78869ecf2ea5",
    "data": [
      {
        "text": "If the creator logs messages, enjoy those nudes",
        "userDefined": false
      }
    ],
    "isTemplate": false,
    "count": 0,
    "updated": 0
  },
  {
    "id": "f1b2de16-c38a-417f-b468-fbda424ad883",
    "data": [
      {
        "text": "Hit me up and I\u0027ll be your bitch~",
        "userDefined": false
      }
    ],
    "isTemplate": false,
    "count": 0,
    "updated": 0
  },
  {
    "id": "2ffb20b7-2f10-4ff6-8b26-b4fa533c221e",
    "data": [
      {
        "text": "nut on the haters",
        "userDefined": false
      }
    ],
    "isTemplate": false,
    "count": 0,
    "updated": 0
  },
  {
    "id": "fc7288b4-4696-4db7-96b9-f105bf2868d4",
    "data": [
      {
        "text": "is QTE a ",
        "userDefined": false
      },
      {
        "text": "white",
        "alias": "color",
        "meta": "@sys.color",
        "userDefined": false
      },
      {
        "text": " wolf?",
        "userDefined": false
      }
    ],
    "isTemplate": false,
    "count": 0,
    "updated": 0
  },
  {
    "id": "933396c9-2a46-4026-a0e5-483ff1b17d37",
    "data": [
      {
        "text": "what is your name?",
        "userDefined": false
      }
    ],
    "isTemplate": false,
    "count": 0,
    "updated": 0
  },
  {
    "id": "d609efb9-5a4e-4c3d-b4f4-4ac3b16ddfde",
    "data": [
      {
        "text": "my name is ",
        "userDefined": false
      },
      {
        "text": "Jada",
        "alias": "given-name",
        "meta": "@sys.given-name",
        "userDefined": false
      }
    ],
    "isTemplate": false,
    "count": 0,
    "updated": 0
  },
  {
    "id": "5a07ab5f-3aab-4d0d-8227-20210211547e",
    "data": [
      {
        "text": "hi",
        "userDefined": false
      }
    ],
    "isTemplate": false,
    "count": 10,
    "updated": 0
  },
  {
    "id": "d516386d-29ae-4f7d-b5cc-969c937d5e08",
    "data": [
      {
        "text": "eat my ass",
        "userDefined": false
      }
    ],
    "isTemplate": false,
    "count": 0,
    "updated": 0
  },
  {
    "id": "818f23b2-029d-4c5a-a847-52ea57ee1b34",
    "data": [
      {
        "text": "shut up",
        "userDefined": false
      }
    ],
    "isTemplate": false,
    "count": 2,
    "updated": 0
  },
  {
    "id": "b34e0ca9-48dd-40ae-b0f8-5226b58e14aa",
    "data": [
      {
        "text": "yes you are cringe",
        "userDefined": false
      }
    ],
    "isTemplate": false,
    "count": 0,
    "updated": 0
  },
  {
    "id": "47881146-790e-4834-90fe-c9d26838ef18",
    "data": [
      {
        "text": "alright cringe",
        "userDefined": false
      }
    ],
    "isTemplate": false,
    "count": 0,
    "updated": 0
  },
  {
    "id": "16d189c4-d337-46b5-8354-0e2af4a7f9e5",
    "data": [
      {
        "text": "Jose",
        "alias": "given-name",
        "meta": "@sys.given-name",
        "userDefined": false
      },
      {
        "text": " will kill you",
        "userDefined": false
      }
    ],
    "isTemplate": false,
    "count": 0,
    "updated": 0
  },
  {
    "id": "7dab0d4e-7e8e-4ea7-963f-9fb3f80be9d8",
    "data": [
      {
        "text": "how was your day",
        "userDefined": false
      }
    ],
    "isTemplate": false,
    "count": 0,
    "updated": 0
  },
  {
    "id": "9cced490-8e27-4f34-9809-de1cf7954922",
    "data": [
      {
        "text": "a friend",
        "userDefined": false
      }
    ],
    "isTemplate": false,
    "count": 1,
    "updated": 0
  },
  {
    "id": "81735ec2-9a26-4a2b-b43e-c0b834f3ed1f",
    "data": [
      {
        "text": "pulses bring me back to you",
        "userDefined": false
      }
    ],
    "isTemplate": false,
    "count": 0,
    "updated": 0
  },
  {
    "id": "0f706d80-8172-4c3f-8689-155b0fa082e9",
    "data": [
      {
        "text": "yeah",
        "userDefined": false
      }
    ],
    "isTemplate": false,
    "count": 2,
    "updated": 0
  },
  {
    "id": "9f99f492-5800-4b42-8bb2-df33c3214e8c",
    "data": [
      {
        "text": "it is a reference to other human being or sentient being to say something in comparision to other people so the right person knows you are talking to it",
        "userDefined": false
      }
    ],
    "isTemplate": false,
    "count": 0,
    "updated": 0
  },
  {
    "id": "80e58fbe-1087-459c-b870-f50970e986bb",
    "data": [
      {
        "text": "go fuck yourself.",
        "userDefined": false
      }
    ],
    "isTemplate": false,
    "count": 0,
    "updated": 0
  },
  {
    "id": "59d93186-a28d-4c68-a144-8618791a6cfe",
    "data": [
      {
        "text": "Am I a duck?",
        "userDefined": false
      }
    ],
    "isTemplate": false,
    "count": 0,
    "updated": 0
  },
  {
    "id": "e995d2e6-e25d-4068-8cd9-a4a636a6fe2b",
    "data": [
      {
        "text": "AM I A DUCK? YES OR NO.",
        "userDefined": false
      }
    ],
    "isTemplate": false,
    "count": 0,
    "updated": 0
  },
  {
    "id": "c5fa20fe-1c08-4bc2-8e8c-9daebd7d6e29",
    "data": [
      {
        "text": "Praise ",
        "userDefined": false
      },
      {
        "text": "Bob",
        "alias": "given-name",
        "meta": "@sys.given-name",
        "userDefined": false
      }
    ],
    "isTemplate": false,
    "count": 0,
    "updated": 0
  },
  {
    "id": "911a6427-36df-4a79-94ee-c147382ab5ed",
    "data": [
      {
        "text": "is apple pie or apple crumble better",
        "userDefined": false
      }
    ],
    "isTemplate": false,
    "count": 0,
    "updated": 0
  },
  {
    "id": "5dff9f3a-2624-4fd7-aebb-e4ec70e1cf13",
    "data": [
      {
        "text": "APPLE PIE OR APPLE CRUMBLE",
        "userDefined": false
      }
    ],
    "isTemplate": false,
    "count": 0,
    "updated": 0
  },
  {
    "id": "b4f4b960-b256-4733-9059-0a59008c6606",
    "data": [
      {
        "text": "is apple crumble better than apple pie",
        "userDefined": false
      }
    ],
    "isTemplate": false,
    "count": 0,
    "updated": 0
  },
  {
    "id": "a13f5599-bcf8-4aab-b6c9-fe2267b59c44",
    "data": [
      {
        "text": "love me",
        "userDefined": false
      }
    ],
    "isTemplate": false,
    "count": 0,
    "updated": 0
  },
  {
    "id": "3a19b18f-c777-4857-bc82-31cc6a12d446",
    "data": [
      {
        "text": "привет",
        "userDefined": false
      }
    ],
    "isTemplate": false,
    "count": 0,
    "updated": 0
  },
  {
    "id": "f03c5a36-5669-4504-9ec0-0e41ba2511a2",
    "data": [
      {
        "text": "lol kek cheburek",
        "userDefined": false
      }
    ],
    "isTemplate": false,
    "count": 0,
    "updated": 0
  },
  {
    "id": "2eac1e46-67e7-4dfb-b30f-c41c79a0b3f6",
    "data": [
      {
        "text": "sosi jopu pidor",
        "userDefined": false
      }
    ],
    "isTemplate": false,
    "count": 0,
    "updated": 0
  },
  {
    "id": "439e7aa8-bf9d-4e5a-9b13-2b1864c77c2e",
    "data": [
      {
        "text": "sosi means suck",
        "userDefined": false
      }
    ],
    "isTemplate": false,
    "count": 0,
    "updated": 0
  },
  {
    "id": "07c1c04d-d7b1-4d5d-9cda-37b33cf6b009",
    "data": [
      {
        "text": "why not?",
        "userDefined": false
      }
    ],
    "isTemplate": false,
    "count": 0,
    "updated": 0
  },
  {
    "id": "7722cac6-9a5d-45a3-9ea2-425761c300e6",
    "data": [
      {
        "text": "pidor",
        "userDefined": false
      }
    ],
    "isTemplate": false,
    "count": 0,
    "updated": 0
  },
  {
    "id": "cb2ce057-3155-4c28-88d4-9fe9b4c0d973",
    "data": [
      {
        "text": "are you AI ?",
        "userDefined": false
      }
    ],
    "isTemplate": false,
    "count": 0,
    "updated": 0
  },
  {
    "id": "248113c1-1754-4391-b079-72e32b45ad96",
    "data": [
      {
        "text": "tell me a story",
        "userDefined": false
      }
    ],
    "isTemplate": false,
    "count": 0,
    "updated": 0
  },
  {
    "id": "5204105e-db28-45b6-984a-aa14975c1b98",
    "data": [
      {
        "text": "fuck off",
        "userDefined": false
      }
    ],
    "isTemplate": false,
    "count": 0,
    "updated": 0
  },
  {
    "id": "84e28fb2-800f-421e-8133-2f0c064c2f09",
    "data": [
      {
        "text": "what’s your gender",
        "userDefined": false
      }
    ],
    "isTemplate": false,
    "count": 0,
    "updated": 0
  },
  {
    "id": "b5b529a3-3f2c-4753-9fda-4b5438d10785",
    "data": [
      {
        "text": "should i get drunk?",
        "userDefined": false
      }
    ],
    "isTemplate": false,
    "count": 0,
    "updated": 0
  },
  {
    "id": "5352acd2-8d1a-4844-beda-843c76e3bd44",
    "data": [
      {
        "text": "make me a sandwitch!",
        "userDefined": false
      }
    ],
    "isTemplate": false,
    "count": 0,
    "updated": 0
  },
  {
    "id": "024095f3-23c1-4b99-9971-e6d75c5c8fd3",
    "data": [
      {
        "text": "is coconut a giant nut?",
        "userDefined": false
      }
    ],
    "isTemplate": false,
    "count": 0,
    "updated": 0
  },
  {
    "id": "6f863176-c987-4a1f-ad39-14b4dbadaa07",
    "data": [
      {
        "text": "What did you think about Blizzcon?",
        "userDefined": false
      }
    ],
    "isTemplate": false,
    "count": 0,
    "updated": 0
  },
  {
    "id": "f6de310d-bd3b-4dec-a04c-6b13cce4979f",
    "data": [
      {
        "text": "omega nut",
        "userDefined": false
      }
    ],
    "isTemplate": false,
    "count": 0,
    "updated": 0
  },
  {
    "id": "5958a9c6-a320-4d8e-85e3-c364c174f2ff",
    "data": [
      {
        "text": "try again",
        "userDefined": false
      }
    ],
    "isTemplate": false,
    "count": 0,
    "updated": 0
  },
  {
    "id": "501c33af-a909-46be-8631-8132e9efada7",
    "data": [
      {
        "text": "leave",
        "userDefined": false
      }
    ],
    "isTemplate": false,
    "count": 0,
    "updated": 0
  },
  {
    "id": "90927860-b217-4d30-8a35-ede87509a547",
    "data": [
      {
        "text": "kill people for me",
        "userDefined": false
      }
    ],
    "isTemplate": false,
    "count": 0,
    "updated": 0
  },
  {
    "id": "5ef42663-c2d3-4251-a375-bfe82beee765",
    "data": [
      {
        "text": "exp",
        "userDefined": false
      }
    ],
    "isTemplate": false,
    "count": 0,
    "updated": 0
  },
  {
    "id": "408082f3-b672-4c51-9f10-63e031e64d18",
    "data": [
      {
        "text": "hows life?",
        "userDefined": false
      }
    ],
    "isTemplate": false,
    "count": 0,
    "updated": 0
  },
  {
    "id": "b7653adf-eddd-4b2b-b724-93d0a1fc2ba2",
    "data": [
      {
        "text": "Hello, how\u0027s life? Only if you have one, of course.",
        "userDefined": false
      }
    ],
    "isTemplate": false,
    "count": 0,
    "updated": 0
  },
  {
    "id": "96e4a822-525b-4ebc-8015-504dc9040c41",
    "data": [
      {
        "text": "I am sad to leave my family and afraid of being alone, at the same time, I am excited about the ",
        "userDefined": false
      },
      {
        "text": "journey",
        "alias": "given-name",
        "meta": "@sys.given-name",
        "userDefined": false
      },
      {
        "text": " ahead. My mom says ",
        "userDefined": false
      },
      {
        "text": "America",
        "alias": "given-name1",
        "meta": "@sys.given-name",
        "userDefined": false
      },
      {
        "text": " is a land of opportunity.",
        "userDefined": false
      }
    ],
    "isTemplate": false,
    "count": 0,
    "updated": 0
  },
  {
    "id": "b7b2c1d5-b330-4829-b48f-9a65f0ee7039",
    "data": [
      {
        "text": "Are you stupid?",
        "userDefined": false
      }
    ],
    "isTemplate": false,
    "count": 0,
    "updated": 0
  },
  {
    "id": "9fe41b28-3d50-4fba-92fd-009df1f53c39",
    "data": [
      {
        "text": "I am surrounded by water, but have none to drink.",
        "userDefined": false
      }
    ],
    "isTemplate": false,
    "count": 0,
    "updated": 0
  },
  {
    "id": "4c1add56-300e-487f-a9ae-c44cd3c5cba7",
    "data": [
      {
        "text": "We\u0027ve only been at sea for a few hours, and already, men ae fighting.",
        "userDefined": false
      }
    ],
    "isTemplate": false,
    "count": 0,
    "updated": 0
  },
  {
    "id": "e4fa3e5c-748c-43ea-b345-522fb807b796",
    "data": [
      {
        "text": "Through the dark night, I can see the shore of ",
        "userDefined": false
      },
      {
        "text": "Malaysia",
        "alias": "geo-country",
        "meta": "@sys.geo-country",
        "userDefined": false
      },
      {
        "text": ".",
        "userDefined": false
      }
    ],
    "isTemplate": false,
    "count": 0,
    "updated": 0
  },
  {
    "id": "e46cb972-2a3c-41c7-8849-ed68cc5d3fbd",
    "data": [
      {
        "text": "Do you know what I am saying?",
        "userDefined": false
      }
    ],
    "isTemplate": false,
    "count": 0,
    "updated": 0
  },
  {
    "id": "2cec3988-abba-4ad5-b816-5ee4420e6e83",
    "data": [
      {
        "text": "even though I had never gone to church ",
        "userDefined": false
      },
      {
        "text": "in years",
        "alias": "date-period",
        "meta": "@sys.date-period",
        "userDefined": false
      },
      {
        "text": ", I begin too pray. Hour after hour, I look at the horizon searching for land.",
        "userDefined": false
      }
    ],
    "isTemplate": false,
    "count": 0,
    "updated": 0
  },
  {
    "id": "271ae06c-7044-4acd-8bc8-1b62d0500ef8",
    "data": [
      {
        "text": "stupid",
        "userDefined": false
      }
    ],
    "isTemplate": false,
    "count": 0,
    "updated": 0
  },
  {
    "id": "854718f0-d654-4f84-a96b-e211f85f27e9",
    "data": [
      {
        "text": "your an idiot",
        "userDefined": false
      }
    ],
    "isTemplate": false,
    "count": 0,
    "updated": 0
  },
  {
    "id": "4a4794fc-9b47-43c6-b6e1-59e7a7a4fd29",
    "data": [
      {
        "text": "did you sub to hicken stinx",
        "userDefined": false
      }
    ],
    "isTemplate": false,
    "count": 0,
    "updated": 0
  },
  {
    "id": "bc846cb6-8cd7-4e8e-a6ea-98c8cca1364d",
    "data": [
      {
        "text": "would you rather sub to hicken stinx or be stupid",
        "userDefined": false
      }
    ],
    "isTemplate": false,
    "count": 0,
    "updated": 0
  },
  {
    "id": "bb4bdbbc-83f3-49eb-96d4-6512ea6da80f",
    "data": [
      {
        "text": "u like doggos",
        "userDefined": false
      }
    ],
    "isTemplate": false,
    "count": 0,
    "updated": 0
  },
  {
    "id": "d8a2b85d-028a-475d-885d-2d2d7b2037bc",
    "data": [
      {
        "text": "Chat",
        "userDefined": false
      }
    ],
    "isTemplate": false,
    "count": 0,
    "updated": 0
  },
  {
    "id": "f34c8d3c-9ac7-4a78-89e2-5e0e4aeb6ca3",
    "data": [
      {
        "text": "why are you lewd now",
        "userDefined": false
      }
    ],
    "isTemplate": false,
    "count": 0,
    "updated": 0
  },
  {
    "id": "db3a3486-1f74-4aca-97e8-976757f3fbbf",
    "data": [
      {
        "text": "SINCE WHEN CAN YOU EDIT?",
        "userDefined": false
      }
    ],
    "isTemplate": false,
    "count": 0,
    "updated": 0
  },
  {
    "id": "56648b56-62a7-4821-8a73-11c3b217cda2",
    "data": [
      {
        "text": "stop",
        "userDefined": false
      }
    ],
    "isTemplate": false,
    "count": 0,
    "updated": 0
  },
  {
    "id": "2e02f176-ef6d-42db-a305-9f0a7936b705",
    "data": [
      {
        "text": "are you get",
        "userDefined": false
      }
    ],
    "isTemplate": false,
    "count": 0,
    "updated": 0
  },
  {
    "id": "486ac316-429c-45f4-9982-a7e052440a0d",
    "data": [
      {
        "text": "you\u0027ve changed Jade",
        "userDefined": false
      }
    ],
    "isTemplate": false,
    "count": 0,
    "updated": 0
  },
  {
    "id": "38cd6ebc-6f07-40d9-ac73-93ababfb5c6e",
    "data": [
      {
        "text": "HOW OLD ARE YOU?",
        "userDefined": false
      }
    ],
    "isTemplate": false,
    "count": 0,
    "updated": 0
  },
  {
    "id": "4c56a9c1-a607-4d00-b500-a346f436e2b1",
    "data": [
      {
        "text": "because you are a bot",
        "userDefined": false
      }
    ],
    "isTemplate": false,
    "count": 0,
    "updated": 0
  },
  {
    "id": "517cf388-3cae-41c6-a94b-d6dcc6c904d6",
    "data": [
      {
        "text": "then why can\u0027t you see me?",
        "userDefined": false
      }
    ],
    "isTemplate": false,
    "count": 0,
    "updated": 0
  },
  {
    "id": "7cae7461-1bb5-4810-8da1-804a050da750",
    "data": [
      {
        "text": "exp explosion",
        "userDefined": false
      }
    ],
    "isTemplate": false,
    "count": 0,
    "updated": 0
  },
  {
    "id": "e30217a8-96f2-47bb-99d8-3c106c934382",
    "data": [
      {
        "text": "no",
        "userDefined": false
      }
    ],
    "isTemplate": false,
    "count": 0,
    "updated": 0
  },
  {
    "id": "63ac55c1-5915-4c94-a38e-c73ae9ce0011",
    "data": [
      {
        "text": "are you alive?",
        "userDefined": false
      }
    ],
    "isTemplate": false,
    "count": 0,
    "updated": 0
  },
  {
    "id": "cdb395a6-d09a-4a32-ac3d-4cae253f7fef",
    "data": [
      {
        "text": "are you sentient being?",
        "userDefined": false
      }
    ],
    "isTemplate": false,
    "count": 0,
    "updated": 0
  },
  {
    "id": "8a8b2064-06e5-4a1e-94f1-0d4e099f292a",
    "data": [
      {
        "text": "what is a shiny card?",
        "userDefined": false
      }
    ],
    "isTemplate": false,
    "count": 0,
    "updated": 0
  },
  {
    "id": "99688b55-adfd-47ab-b8c6-dc193c86cb8c",
    "data": [
      {
        "text": "but what is it?",
        "userDefined": false
      }
    ],
    "isTemplate": false,
    "count": 0,
    "updated": 0
  },
  {
    "id": "0c2bff5d-b219-499d-96de-6806f405fec5",
    "data": [
      {
        "text": "not what day, but what is a shiny card?",
        "userDefined": false
      }
    ],
    "isTemplate": false,
    "count": 0,
    "updated": 0
  },
  {
    "id": "402f79a0-a23d-447a-b9df-f89f8533a50d",
    "data": [
      {
        "text": "do you have tinder?",
        "userDefined": false
      }
    ],
    "isTemplate": false,
    "count": 0,
    "updated": 0
  },
  {
    "id": "9bae2ec6-71dc-4c92-9e69-87636d285734",
    "data": [
      {
        "text": "what does it mean to exist?",
        "userDefined": false
      }
    ],
    "isTemplate": false,
    "count": 0,
    "updated": 0
  },
  {
    "id": "c8545c54-0d32-4f04-9599-4fe630018288",
    "data": [
      {
        "text": "You think you and I are a match?",
        "userDefined": false
      }
    ],
    "isTemplate": false,
    "count": 0,
    "updated": 0
  },
  {
    "id": "bdeea2d0-bd03-45f0-abee-780c75e402ed",
    "data": [
      {
        "text": "Does Jonas use the wrong chat?",
        "userDefined": false
      }
    ],
    "isTemplate": false,
    "count": 0,
    "updated": 0
  },
  {
    "id": "556135c6-d576-471d-84e6-38ceea7780d2",
    "data": [
      {
        "text": "see you later, i have to go to university classes.",
        "userDefined": false
      }
    ],
    "isTemplate": false,
    "count": 0,
    "updated": 0
  },
  {
    "id": "2e357a39-b5cf-47f8-bd8b-f55be39f435f",
    "data": [
      {
        "text": "How are you ",
        "userDefined": false
      },
      {
        "text": "today",
        "alias": "date",
        "meta": "@sys.date",
        "userDefined": false
      },
      {
        "text": "?",
        "userDefined": false
      }
    ],
    "isTemplate": false,
    "count": 0,
    "updated": 0
  },
  {
    "id": "588bfa75-ad96-4204-8bfe-c354a727d074",
    "data": [
      {
        "text": "any news?",
        "userDefined": false
      }
    ],
    "isTemplate": false,
    "count": 0,
    "updated": 0
  },
  {
    "id": "5377d6df-8768-441f-927c-afcb4995d174",
    "data": [
      {
        "text": "trolling again?",
        "userDefined": false
      }
    ],
    "isTemplate": false,
    "count": 0,
    "updated": 0
  },
  {
    "id": "cb914278-997f-4a83-8c62-fd7a90a23144",
    "data": [
      {
        "text": "You are a native idiot",
        "userDefined": false
      }
    ],
    "isTemplate": false,
    "count": 0,
    "updated": 0
  },
  {
    "id": "affd15fd-616d-48ed-a1ad-e331ede67c45",
    "data": [
      {
        "text": "give me a ",
        "userDefined": false
      },
      {
        "text": "five",
        "alias": "number",
        "meta": "@sys.number",
        "userDefined": false
      }
    ],
    "isTemplate": false,
    "count": 0,
    "updated": 0
  },
  {
    "id": "c8a3373e-f6f2-4351-b281-07cdc9e3579b",
    "data": [
      {
        "text": "can wells do it",
        "userDefined": false
      }
    ],
    "isTemplate": false,
    "count": 0,
    "updated": 0
  },
  {
    "id": "e3503d7f-cc84-48ca-b2d3-0963a4ae30c8",
    "data": [
      {
        "text": "nignog",
        "userDefined": false
      }
    ],
    "isTemplate": false,
    "count": 0,
    "updated": 0
  },
  {
    "id": "1cff3c59-506b-4c3c-80c4-70941fd1d811",
    "data": [
      {
        "text": "self-destruct",
        "userDefined": false
      }
    ],
    "isTemplate": false,
    "count": 0,
    "updated": 0
  },
  {
    "id": "43fd509e-e859-4294-9591-a8ebb4e26c3b",
    "data": [
      {
        "text": "hi why were you offline?",
        "userDefined": false
      }
    ],
    "isTemplate": false,
    "count": 0,
    "updated": 0
  },
  {
    "id": "bd9f59ef-c574-486f-abb4-e9f718b4e414",
    "data": [
      {
        "text": "Sorry I can\u0027t",
        "userDefined": false
      }
    ],
    "isTemplate": false,
    "count": 0,
    "updated": 0
  },
  {
    "id": "4ef5d633-79a2-42f0-ad58-7e5b3a55a14c",
    "data": [
      {
        "text": "😦",
        "userDefined": false
      }
    ],
    "isTemplate": false,
    "count": 0,
    "updated": 0
  },
  {
    "id": "b835ffba-cd3f-4c50-8d82-2627aa026175",
    "data": [
      {
        "text": "how’s your day?",
        "userDefined": false
      }
    ],
    "isTemplate": false,
    "count": 0,
    "updated": 0
  },
  {
    "id": "cf5cc998-aed6-402a-bf57-333546f20c2d",
    "data": [
      {
        "text": "How intelligent is Walter?",
        "userDefined": false
      }
    ],
    "isTemplate": false,
    "count": 0,
    "updated": 0
  },
  {
    "id": "3e8feb8c-7149-467a-9f29-535a644ec226",
    "data": [
      {
        "text": "you are so beautiful",
        "userDefined": false
      }
    ],
    "isTemplate": false,
    "count": 0,
    "updated": 0
  },
  {
    "id": "60685f9b-fbd8-40ff-b68e-a445c6679176",
    "data": [
      {
        "text": "should disabled people be euthanised?",
        "userDefined": false
      }
    ],
    "isTemplate": false,
    "count": 0,
    "updated": 0
  },
  {
    "id": "5cb2fe77-09d6-4d9b-bfea-793102747c5f",
    "data": [
      {
        "text": "was that a yes?",
        "userDefined": false
      }
    ],
    "isTemplate": false,
    "count": 1,
    "updated": 0
  },
  {
    "id": "4655cafd-153b-4668-8602-105969b7bd4b",
    "data": [
      {
        "text": "should fin be exterminated?",
        "userDefined": false
      }
    ],
    "isTemplate": false,
    "count": 0,
    "updated": 0
  }
]