[
  {
    "id": "30382e1b-46df-48a6-9e84-c5e4b3c49efa",
    "data": [
      {
        "text": "who is in this picture? ",
        "userDefined": false
      },
      {
        "text": "https://cdn.discordapp.com/attachments/265156286406983680/508355221487878149/lolxd.jpg",
        "alias": "url",
        "meta": "@sys.url",
        "userDefined": false
      }
    ],
    "isTemplate": false,
    "count": 0,
    "updated": 0
  },
  {
    "id": "8202d5d5-fc0a-44ea-91f5-ffd590c6b70c",
    "data": [
      {
        "text": "who is in this?",
        "userDefined": false
      }
    ],
    "isTemplate": false,
    "count": 0,
    "updated": 0
  },
  {
    "id": "422d01b5-1a99-484e-a3c0-3b0cd79da711",
    "data": [
      {
        "text": "who is this ",
        "userDefined": false
      },
      {
        "text": "https://cdn.discordapp.com/attachments/265156286406983680/510159631314583592/image.png",
        "alias": "url",
        "meta": "@sys.url",
        "userDefined": false
      }
    ],
    "isTemplate": false,
    "count": 1,
    "updated": 0
  },
  {
    "id": "47096153-f68e-4e91-a801-d19b88ee18b7",
    "data": [
      {
        "text": "add ",
        "userDefined": false
      },
      {
        "text": "\"Really Bad Human\"",
        "alias": "any",
        "meta": "@sys.any",
        "userDefined": false
      },
      {
        "text": " to your faces",
        "userDefined": false
      }
    ],
    "isTemplate": false,
    "count": 0,
    "updated": 0
  },
  {
    "id": "c4bd8fd7-32e8-4d5e-bc08-9980e1360ebd",
    "data": [
      {
        "text": "Who is this?",
        "userDefined": false
      }
    ],
    "isTemplate": false,
    "count": 2,
    "updated": 1541268340
  },
  {
    "id": "e91cf8b3-a260-4fa1-b616-024a91bdfee5",
    "data": [
      {
        "text": "add ",
        "userDefined": false
      },
      {
        "text": "\"OliIIIIIIIIIIIIIIIII\"",
        "alias": "any",
        "meta": "@sys.any",
        "userDefined": false
      },
      {
        "text": " to faces using ",
        "userDefined": false
      },
      {
        "text": "https://cdn.discordapp.com/avatars/129908908096487424/b365d99306be5ec0c083d7221c0a2a5d.png?size\u003d1024",
        "alias": "url",
        "meta": "@sys.url",
        "userDefined": false
      }
    ],
    "isTemplate": false,
    "count": 0,
    "updated": 0
  },
  {
    "id": "76e8dd90-6768-4493-9df7-8f254c967b7d",
    "data": [
      {
        "text": "who is this ",
        "userDefined": false
      },
      {
        "text": "https://cdn.discordapp.com/avatars/129908908096487424/b365d99306be5ec0c083d7221c0a2a5d.png?size\u003d1024",
        "alias": "url",
        "meta": "@sys.url",
        "userDefined": true
      }
    ],
    "isTemplate": false,
    "count": 0,
    "updated": 0
  },
  {
    "id": "f0fbe48f-bc59-46f1-b6e3-e7a97bbda1ec",
    "data": [
      {
        "text": "who is this?",
        "userDefined": false
      },
      {
        "text": "https://cdn.discordapp.com/attachments/265156286406983680/510175286109798412/104614743-GettyImages-524048206-steve-jobs-ipod-nano.png",
        "alias": "url",
        "meta": "@sys.url",
        "userDefined": false
      }
    ],
    "isTemplate": false,
    "count": 2,
    "updated": 0
  },
  {
    "id": "c2ff3bc9-b502-46b5-a25e-9b2b741971d8",
    "data": [
      {
        "text": "add this face as ",
        "userDefined": false
      },
      {
        "text": "\"Justin Timberlake\"",
        "alias": "any",
        "meta": "@sys.any",
        "userDefined": true
      }
    ],
    "isTemplate": false,
    "count": 2,
    "updated": 1541702327
  },
  {
    "id": "0cce3239-50c3-4a85-9ac5-2db7b1e61e22",
    "data": [
      {
        "text": "add this face as ",
        "userDefined": false
      },
      {
        "text": "\"extra nut\"",
        "alias": "any",
        "meta": "@sys.any",
        "userDefined": true
      }
    ],
    "isTemplate": false,
    "count": 0,
    "updated": 0
  },
  {
    "id": "6b559cff-0259-481d-ba70-7c79827565da",
    "data": [
      {
        "text": "This person\u0027s name is ",
        "userDefined": false
      },
      {
        "text": "\"opega beaner\"",
        "alias": "any",
        "meta": "@sys.any",
        "userDefined": true
      }
    ],
    "isTemplate": false,
    "count": 1,
    "updated": 0
  },
  {
    "id": "2456e50a-fda8-47e1-ad4a-f7c773a3ae47",
    "data": [
      {
        "text": "this is ",
        "userDefined": false
      },
      {
        "text": "\"Justin Timberlake\"",
        "alias": "any",
        "meta": "@sys.any",
        "userDefined": true
      }
    ],
    "isTemplate": false,
    "count": 1,
    "updated": 0
  },
  {
    "id": "1ac1eeed-34b3-4210-867e-a305bd291367",
    "data": [
      {
        "text": "add this as ",
        "userDefined": false
      },
      {
        "text": "\"Justin Timberlake\"",
        "alias": "any",
        "meta": "@sys.any",
        "userDefined": true
      },
      {
        "text": " ",
        "userDefined": false
      },
      {
        "text": "https://cdn.discordapp.com/attachments/265156286406983680/510159631314583592/image.png",
        "alias": "url",
        "meta": "@sys.url",
        "userDefined": false
      }
    ],
    "isTemplate": false,
    "count": 0,
    "updated": 0
  },
  {
    "id": "4bcf3309-6542-4e34-a618-c59edf6855a0",
    "data": [
      {
        "text": "add tis face as ",
        "userDefined": false
      },
      {
        "text": "\"Justin Timberlake\"",
        "alias": "any",
        "meta": "@sys.any",
        "userDefined": true
      }
    ],
    "isTemplate": false,
    "count": 0,
    "updated": 0
  },
  {
    "id": "c0801450-f66c-44bf-ba28-1edc8b68c4a8",
    "data": [
      {
        "text": "add ",
        "userDefined": false
      },
      {
        "text": "\"Epic Beans\"",
        "alias": "any",
        "meta": "@sys.any",
        "userDefined": true
      },
      {
        "text": " to your faces",
        "userDefined": false
      }
    ],
    "isTemplate": false,
    "count": 0,
    "updated": 1541630790
  },
  {
    "id": "9a9f2dfd-cf2c-4542-a5fc-9b1d0facf1c5",
    "data": [
      {
        "text": "this is ",
        "userDefined": false
      },
      {
        "text": "\"Burrito Hater\"",
        "alias": "any",
        "meta": "@sys.any",
        "userDefined": true
      }
    ],
    "isTemplate": false,
    "count": 2,
    "updated": 1541630790
  },
  {
    "id": "d2da441f-8d03-47cd-a0ec-c56e0582b84e",
    "data": [
      {
        "text": "who is this? ",
        "userDefined": false
      },
      {
        "text": "https://cdn.discordapp.com/attachments/421383386230292521/509601787062386688/lolxd.jpg",
        "alias": "url",
        "meta": "@sys.url",
        "userDefined": false
      }
    ],
    "isTemplate": false,
    "count": 4,
    "updated": 0
  },
  {
    "id": "0a2fec45-fcfd-4c66-aa3d-64afaec87004",
    "data": [
      {
        "text": "who is ",
        "userDefined": false
      },
      {
        "text": "https://cdn.discordapp.com/attachments/421383386230292521/509601787062386688/lolxd.jpg",
        "alias": "url",
        "meta": "@sys.url",
        "userDefined": false
      }
    ],
    "isTemplate": false,
    "count": 2,
    "updated": 0
  },
  {
    "id": "856440bb-4ec6-4db6-aa75-7ea34d57a989",
    "data": [
      {
        "text": "who is this guy? ",
        "userDefined": false
      },
      {
        "text": "https://cdn.discordapp.com/attachments/421383386230292521/509601787062386688/lolxd.jpg",
        "alias": "url",
        "meta": "@sys.url",
        "userDefined": false
      }
    ],
    "isTemplate": false,
    "count": 1,
    "updated": 0
  },
  {
    "id": "5fca1ab0-c621-47b6-9eb4-4eafb6e1a733",
    "data": [
      {
        "text": "face pls ",
        "userDefined": false
      },
      {
        "text": "https://cdn.discordapp.com/attachments/421383386230292521/509856615848083457/result.jpg",
        "alias": "url",
        "meta": "@sys.url",
        "userDefined": false
      }
    ],
    "isTemplate": false,
    "count": 0,
    "updated": 0
  },
  {
    "id": "0c863f06-8397-4bcf-aecc-2256d72a307e",
    "data": [
      {
        "text": "whose face is this? ",
        "userDefined": false
      },
      {
        "text": "https://cdn.discordapp.com/attachments/421383386230292521/508372328875425833/lolxd.jpg",
        "alias": "url",
        "meta": "@sys.url",
        "userDefined": false
      }
    ],
    "isTemplate": false,
    "count": 0,
    "updated": 0
  },
  {
    "id": "6c453a70-f174-40a7-8627-2e7b0f0ef19c",
    "data": [
      {
        "text": "add ",
        "userDefined": false
      },
      {
        "text": "\"Jess\"",
        "alias": "any",
        "meta": "@sys.any",
        "userDefined": true
      },
      {
        "text": " to the faces",
        "userDefined": false
      }
    ],
    "isTemplate": false,
    "count": 0,
    "updated": 1541626025
  },
  {
    "id": "198a0707-f05a-4e82-bbb6-68dd5b7b35a4",
    "data": [
      {
        "text": "who is this? ",
        "userDefined": false
      },
      {
        "text": "https://cdn.discordapp.com/attachments/421383386230292521/508372328875425833/lolxd.jpg",
        "alias": "url",
        "meta": "@sys.url",
        "userDefined": true
      }
    ],
    "isTemplate": false,
    "count": 0,
    "updated": 1541626025
  },
  {
    "id": "7cab6f95-8492-4bbe-9b43-8ba1a3892cce",
    "data": [
      {
        "text": "Who is this girl?",
        "userDefined": false
      }
    ],
    "isTemplate": false,
    "count": 0,
    "updated": 1540433359
  },
  {
    "id": "2afaab14-8be5-4699-8238-586a5df9c2e0",
    "data": [
      {
        "text": "Who is this guy?",
        "userDefined": false
      }
    ],
    "isTemplate": false,
    "count": 0,
    "updated": 1540433359
  },
  {
    "id": "caa7b179-7b6e-443b-a91d-b54f74362339",
    "data": [
      {
        "text": "This guy is?",
        "userDefined": false
      }
    ],
    "isTemplate": false,
    "count": 0,
    "updated": 1540433359
  },
  {
    "id": "a942fc46-e519-427b-9623-54c0723fc76b",
    "data": [
      {
        "text": "This girl is...?",
        "userDefined": false
      }
    ],
    "isTemplate": false,
    "count": 0,
    "updated": 1540433359
  },
  {
    "id": "2a8b40cf-2761-46bd-9cc2-5e18ceb6f533",
    "data": [
      {
        "text": "\"Jane\"",
        "alias": "any",
        "meta": "@sys.any",
        "userDefined": true
      },
      {
        "text": " is this girl",
        "userDefined": false
      }
    ],
    "isTemplate": false,
    "count": 0,
    "updated": 1540433359
  },
  {
    "id": "3f483c7c-b4be-4fa0-956c-db182016d5e9",
    "data": [
      {
        "text": "This girl is ",
        "userDefined": false
      },
      {
        "text": "\"Jane\"",
        "alias": "any",
        "meta": "@sys.any",
        "userDefined": true
      }
    ],
    "isTemplate": false,
    "count": 0,
    "updated": 1540433359
  },
  {
    "id": "1ec83074-515d-40e8-b3cc-d3a2d339d625",
    "data": [
      {
        "text": "This guy is ",
        "userDefined": false
      },
      {
        "text": "\"Bob\"",
        "alias": "any",
        "meta": "@sys.any",
        "userDefined": true
      },
      {
        "text": ".",
        "userDefined": false
      }
    ],
    "isTemplate": false,
    "count": 0,
    "updated": 1540433359
  },
  {
    "id": "c6c271fb-4e0c-4930-96e7-8945ec60f5d3",
    "data": [
      {
        "text": "\"Bob\"",
        "alias": "any",
        "meta": "@sys.any",
        "userDefined": true
      },
      {
        "text": " ",
        "userDefined": false
      },
      {
        "text": "is",
        "meta": "@sys.ignore",
        "userDefined": true
      },
      {
        "text": " this guy.",
        "userDefined": false
      }
    ],
    "isTemplate": false,
    "count": 0,
    "updated": 1541268340
  },
  {
    "id": "8f3b5af8-91ba-44d5-ba8d-e68b21c38cab",
    "data": [
      {
        "text": "This ",
        "userDefined": false
      },
      {
        "text": "https://a57.foxnews.com/media2.foxnews.com/BrightCove/694940094001/2018/10/19/931/524/694940094001_5850892187001_5850885536001-vs.jpg?ve\u003d1\u0026tl\u003d1",
        "alias": "url",
        "meta": "@sys.url",
        "userDefined": true
      },
      {
        "text": "is ",
        "userDefined": false
      },
      {
        "text": "Hillary",
        "meta": "@sys.ignore",
        "userDefined": true
      },
      {
        "text": ", I think",
        "userDefined": false
      }
    ],
    "isTemplate": false,
    "count": 0,
    "updated": 1540433359
  },
  {
    "id": "2c76afe4-7d32-4c59-8c4c-b2323ebb9c3a",
    "data": [
      {
        "text": "Here, ",
        "userDefined": false
      },
      {
        "text": "add",
        "meta": "@sys.ignore",
        "userDefined": true
      },
      {
        "text": " ",
        "userDefined": false
      },
      {
        "text": "\"Brian\"",
        "alias": "any",
        "meta": "@sys.any",
        "userDefined": true
      },
      {
        "text": " to your database",
        "userDefined": false
      }
    ],
    "isTemplate": false,
    "count": 0,
    "updated": 1541268340
  },
  {
    "id": "16032dd0-4030-4b3f-b2a7-94ba9b9da187",
    "data": [
      {
        "text": "Hey, you know that this is ",
        "userDefined": false
      },
      {
        "text": "\"Bruce\"",
        "alias": "any",
        "meta": "@sys.any",
        "userDefined": true
      },
      {
        "text": ", right?",
        "userDefined": false
      }
    ],
    "isTemplate": false,
    "count": 0,
    "updated": 1540433359
  },
  {
    "id": "8085a6fe-6941-441e-93b9-227be9184066",
    "data": [
      {
        "text": "Add ",
        "userDefined": false
      },
      {
        "text": "\"Obama\"",
        "alias": "any",
        "meta": "@sys.any",
        "userDefined": true
      }
    ],
    "isTemplate": false,
    "count": 0,
    "updated": 1540404278
  },
  {
    "id": "029cbcec-e2cc-4e50-b384-9a7ef9b6e45b",
    "data": [
      {
        "text": "This is ",
        "userDefined": false
      },
      {
        "text": "\"James\"",
        "alias": "any",
        "meta": "@sys.any",
        "userDefined": true
      }
    ],
    "isTemplate": false,
    "count": 1,
    "updated": 1540404278
  },
  {
    "id": "61437f64-d41d-40af-bc44-fa7eeeb96ab6",
    "data": [
      {
        "text": "this is ",
        "userDefined": false
      },
      {
        "text": "\"Hillary\"",
        "meta": "@sys.ignore",
        "userDefined": true
      },
      {
        "text": " ",
        "userDefined": false
      },
      {
        "text": "https://a57.foxnews.com/media2.foxnews.com/BrightCove/694940094001/2018/10/19/931/524/694940094001_5850892187001_5850885536001-vs.jpg?ve\u003d1\u0026tl\u003d1",
        "alias": "url",
        "meta": "@sys.url",
        "userDefined": true
      }
    ],
    "isTemplate": false,
    "count": 1,
    "updated": 1540404278
  },
  {
    "id": "15d32d5e-0c1a-4fd7-a05a-0db8cb8f17ca",
    "data": [
      {
        "text": "Add face ",
        "userDefined": false
      },
      {
        "text": "\"James\"",
        "alias": "any",
        "meta": "@sys.any",
        "userDefined": true
      },
      {
        "text": " from ",
        "userDefined": false
      },
      {
        "text": "https://gyazo.com/7c2acea7ac3a7bb45fdbfc41164fb0dc",
        "alias": "url",
        "meta": "@sys.url",
        "userDefined": true
      }
    ],
    "isTemplate": false,
    "count": 0,
    "updated": 1540404278
  },
  {
    "id": "8d40245f-a1b2-4ec2-a93b-8dbb87e14ff9",
    "data": [
      {
        "text": "JF ",
        "userDefined": false
      },
      {
        "text": "https://recruitingtools.com/wp-content/uploads/sites/2/2017/01/no-one-cares.png",
        "alias": "url",
        "meta": "@sys.url",
        "userDefined": true
      }
    ],
    "isTemplate": false,
    "count": 0,
    "updated": 0
  },
  {
    "id": "5c56464e-e027-404c-ab90-3f785c53478e",
    "data": [
      {
        "text": "Who is in this image? ",
        "userDefined": false
      },
      {
        "text": "https://cdn.discordapp.com/avatars/501402284153110528/894225a700946d4cebadf885ed7bf0f3.png?",
        "alias": "url",
        "meta": "@sys.url",
        "userDefined": true
      }
    ],
    "isTemplate": false,
    "count": 0,
    "updated": 0
  },
  {
    "id": "9eb36c31-5828-43e2-bc48-bc06d6aa44b2",
    "data": [
      {
        "text": "facial recognition",
        "userDefined": false
      }
    ],
    "isTemplate": false,
    "count": 9,
    "updated": 0
  },
  {
    "id": "53441eb7-80e6-4e44-9a44-35ebbbc161bb",
    "data": [
      {
        "text": "facial recognition ",
        "userDefined": false
      },
      {
        "text": "https://gyazo.com/7c2acea7ac3a7bb45fdbfc41164fb0dc",
        "alias": "url",
        "meta": "@sys.url",
        "userDefined": true
      }
    ],
    "isTemplate": false,
    "count": 1,
    "updated": 0
  },
  {
    "id": "7c6b86db-272f-4644-90c9-aed2f53ef6a5",
    "data": [
      {
        "text": "can you make your fkn facial recognition or whatever work",
        "userDefined": false
      }
    ],
    "isTemplate": false,
    "count": 1,
    "updated": 0
  },
  {
    "id": "5ba249ec-fe97-4c9c-a75f-4b97cd920283",
    "data": [
      {
        "text": "facial recog ",
        "userDefined": false
      },
      {
        "text": "https://cdn.discordapp.com/attachments/265156286406983680/508339203310878740/result.jpg",
        "alias": "url",
        "meta": "@sys.url",
        "userDefined": true
      }
    ],
    "isTemplate": false,
    "count": 1,
    "updated": 0
  },
  {
    "id": "8f3243a5-a8f1-46f3-9403-018345076397",
    "data": [
      {
        "text": "facial recogntion",
        "userDefined": false
      }
    ],
    "isTemplate": false,
    "count": 2,
    "updated": 0
  },
  {
    "id": "9d3db98f-aef6-450b-8568-37caaefa475b",
    "data": [
      {
        "text": "F A C I A L R E C O G N I T I O N",
        "userDefined": false
      }
    ],
    "isTemplate": false,
    "count": 1,
    "updated": 0
  },
  {
    "id": "b8803e76-363f-4f18-9dd1-67950c3ed6b4",
    "data": [
      {
        "text": "locate the faces ",
        "userDefined": false
      },
      {
        "text": "https://cdn.discordapp.com/attachments/265156286406983680/508339203310878740/result.jpg",
        "alias": "url",
        "meta": "@sys.url",
        "userDefined": true
      }
    ],
    "isTemplate": false,
    "count": 0,
    "updated": 1539555484
  },
  {
    "id": "e1b27817-8c90-436a-bf79-d97592878096",
    "data": [
      {
        "text": "outline the faces in ",
        "userDefined": false
      },
      {
        "text": "https://cdn.discordapp.com/attachments/265156286406983680/508339203310878740/result.jpg",
        "alias": "url",
        "meta": "@sys.url",
        "userDefined": true
      }
    ],
    "isTemplate": false,
    "count": 0,
    "updated": 1539555484
  },
  {
    "id": "8f610ea5-49b0-4870-a8f0-5dc26615ffb9",
    "data": [
      {
        "text": "show me the faces",
        "userDefined": false
      }
    ],
    "isTemplate": false,
    "count": 0,
    "updated": 1539555484
  },
  {
    "id": "3c11c847-9661-4905-ba2d-a759cf2f63ab",
    "data": [
      {
        "text": "Where are the faces in this picture?",
        "userDefined": false
      }
    ],
    "isTemplate": false,
    "count": 0,
    "updated": 1539555484
  },
  {
    "id": "236ec49f-1d1a-4aae-b00a-19b9fe535ce4",
    "data": [
      {
        "text": "Do you know if I\u0027m in this picture?",
        "userDefined": false
      }
    ],
    "isTemplate": false,
    "count": 0,
    "updated": 1539555484
  },
  {
    "id": "ff6f1dee-a50c-4e0b-8021-f5847b847a7e",
    "data": [
      {
        "text": "Are you in this picture?",
        "userDefined": false
      }
    ],
    "isTemplate": false,
    "count": 0,
    "updated": 1539555484
  },
  {
    "id": "2a366882-00ce-4267-8966-7b3c260803dc",
    "data": [
      {
        "text": "Can you show me where the faces are? ",
        "userDefined": false
      },
      {
        "text": "https://cdn.discordapp.com/attachments/265156286406983680/508339203310878740/result.jpg",
        "alias": "url",
        "meta": "@sys.url",
        "userDefined": true
      }
    ],
    "isTemplate": false,
    "count": 0,
    "updated": 1539555484
  },
  {
    "id": "c621ac9e-36d2-4892-911b-b7c1d1ad7785",
    "data": [
      {
        "text": "Do you know who this is?",
        "userDefined": false
      }
    ],
    "isTemplate": false,
    "count": 0,
    "updated": 1541268340
  },
  {
    "id": "ed19184e-d5e0-4f6d-88b2-80bac5da8daf",
    "data": [
      {
        "text": "Who\u0027s in this picture?",
        "userDefined": false
      }
    ],
    "isTemplate": false,
    "count": 0,
    "updated": 1541268340
  }
]