[
  {
    "id": "6861e07f-821a-4cc0-9dc8-41ba795f0a64",
    "data": [
      {
        "text": "help",
        "userDefined": false
      }
    ],
    "isTemplate": false,
    "count": 8,
    "updated": 0
  },
  {
    "id": "dfd233a6-ffa3-46d7-8ce0-6c077bd4d452",
    "data": [
      {
        "text": "helpppppppppppp",
        "userDefined": false
      }
    ],
    "isTemplate": false,
    "count": 1,
    "updated": 0
  },
  {
    "id": "931fba5d-55d1-4063-8149-be644125ddcf",
    "data": [
      {
        "text": "derdwedqwdwd help dewdicnksdjiwdnawdjn",
        "userDefined": false
      }
    ],
    "isTemplate": false,
    "count": 1,
    "updated": 0
  },
  {
    "id": "151c2105-c21d-472c-b5da-77210de0ce2d",
    "data": [
      {
        "text": "HALP ME",
        "userDefined": false
      }
    ],
    "isTemplate": false,
    "count": 0,
    "updated": 0
  },
  {
    "id": "d5f36299-abd6-49c2-bffc-0e550636d0d4",
    "data": [
      {
        "text": "help bitch suck my dick",
        "userDefined": false
      }
    ],
    "isTemplate": false,
    "count": 0,
    "updated": 0
  },
  {
    "id": "758474dc-cd34-44bd-bf53-e3499d444c58",
    "data": [
      {
        "text": "help me",
        "userDefined": false
      }
    ],
    "isTemplate": false,
    "count": 2,
    "updated": 1539648378
  },
  {
    "id": "c5d0f0b8-d5ed-4a10-8945-b326f3f11b33",
    "data": [
      {
        "text": "i need help",
        "userDefined": false
      }
    ],
    "isTemplate": false,
    "count": 2,
    "updated": 0
  },
  {
    "id": "cd2e927b-b2a2-4e9b-94ec-bc9be9d883d6",
    "data": [
      {
        "text": "what do i need to say?",
        "userDefined": false
      }
    ],
    "isTemplate": false,
    "count": 0,
    "updated": 1539648378
  },
  {
    "id": "0780a489-fc94-4abe-b0e5-7c7cbdf8f4cd",
    "data": [
      {
        "text": "what are your commands?",
        "userDefined": false
      }
    ],
    "isTemplate": false,
    "count": 0,
    "updated": 1539648378
  },
  {
    "id": "2938f84f-b0d8-4e7e-a3c2-8c1d4b76e8ab",
    "data": [
      {
        "text": "how can i use you",
        "userDefined": false
      }
    ],
    "isTemplate": false,
    "count": 0,
    "updated": 1539648378
  },
  {
    "id": "1e6b5dc2-1653-42d0-b7dc-10b25096a6f8",
    "data": [
      {
        "text": "i need your help",
        "userDefined": false
      }
    ],
    "isTemplate": false,
    "count": 0,
    "updated": 1539648378
  },
  {
    "id": "792034cb-6a49-4b64-9396-f816b1fd4985",
    "data": [
      {
        "text": "how do i use you?",
        "userDefined": false
      }
    ],
    "isTemplate": false,
    "count": 0,
    "updated": 1539648378
  },
  {
    "id": "683d9a18-84f3-4a10-b65a-8fe365c1b645",
    "data": [
      {
        "text": "how do you work?",
        "userDefined": false
      }
    ],
    "isTemplate": false,
    "count": 0,
    "updated": 1539648378
  },
  {
    "id": "6ea6ed27-f136-415a-9cf4-a6a76d31c681",
    "data": [
      {
        "text": "can you help me",
        "userDefined": false
      }
    ],
    "isTemplate": false,
    "count": 0,
    "updated": 1539648378
  },
  {
    "id": "471f72c9-15ba-4524-b313-47bff1174dda",
    "data": [
      {
        "text": "help pls",
        "userDefined": false
      }
    ],
    "isTemplate": false,
    "count": 0,
    "updated": 1539648378
  }
]