[
  {
    "id": "fb628489-a550-423e-bb24-3fff33383aa5",
    "data": [
      {
        "text": "what do you see",
        "userDefined": false
      }
    ],
    "isTemplate": false,
    "count": 0,
    "updated": 0
  },
  {
    "id": "9781a374-0563-4313-9a46-4128fd893cad",
    "data": [
      {
        "text": "what do you see here",
        "userDefined": false
      }
    ],
    "isTemplate": false,
    "count": 0,
    "updated": 0
  },
  {
    "id": "8faf6b35-751b-47eb-aeca-643a40e35bc3",
    "data": [
      {
        "text": "look at this",
        "userDefined": false
      }
    ],
    "isTemplate": false,
    "count": 0,
    "updated": 0
  },
  {
    "id": "94f289f3-521e-4805-9508-186e1b9efef1",
    "data": [
      {
        "text": "analyze",
        "userDefined": false
      }
    ],
    "isTemplate": false,
    "count": 0,
    "updated": 0
  },
  {
    "id": "5e9c1607-09ad-4c3b-b807-14551b0c6f50",
    "data": [
      {
        "text": "analyze ",
        "userDefined": false
      },
      {
        "text": "https://cdn.discordapp.com/avatars/193478448080093184/e48c3fcd0d4340e7ab5a3fd8dce80d49.jpg?size\u003d",
        "alias": "url",
        "meta": "@sys.url",
        "userDefined": false
      },
      {
        "text": "2048",
        "alias": "number",
        "meta": "@sys.number",
        "userDefined": false
      }
    ],
    "isTemplate": false,
    "count": 0,
    "updated": 0
  },
  {
    "id": "40f0d3b9-195a-4af4-8b85-7e9c4d683451",
    "data": [
      {
        "text": "analysis",
        "userDefined": false
      }
    ],
    "isTemplate": false,
    "count": 0,
    "updated": 0
  },
  {
    "id": "13e4f86c-285f-4968-a08c-58ed488fd117",
    "data": [
      {
        "text": "what is this",
        "userDefined": false
      }
    ],
    "isTemplate": false,
    "count": 2,
    "updated": 0
  },
  {
    "id": "258c903f-7eaf-4933-a481-faa3bd42da8b",
    "data": [
      {
        "text": "what\u0027s in this? ",
        "userDefined": false
      },
      {
        "text": "https://cdn.sheri.life/mur/a01A7.jpg",
        "alias": "url",
        "meta": "@sys.url",
        "userDefined": true
      }
    ],
    "isTemplate": false,
    "count": 0,
    "updated": 0
  },
  {
    "id": "c469f062-6d2d-476c-9cec-ae2487b627e2",
    "data": [
      {
        "text": "Is there a person in this image? ",
        "userDefined": false
      },
      {
        "text": "https://cdn.discordapp.com/avatars/501402284153110528/894225a700946d4cebadf885ed7bf0f3.png?size\u003d1024",
        "alias": "url",
        "meta": "@sys.url",
        "userDefined": false
      }
    ],
    "isTemplate": false,
    "count": 0,
    "updated": 0
  },
  {
    "id": "611aff32-949d-43fa-9acf-dfcc10be43f7",
    "data": [
      {
        "text": "What objects are in this image? ",
        "userDefined": false
      },
      {
        "text": "https://cdn.discordapp.com/avatars/501402284153110528/894225a700946d4cebadf885ed7bf0f3.png?size\u003d1024",
        "alias": "url",
        "meta": "@sys.url",
        "userDefined": false
      }
    ],
    "isTemplate": false,
    "count": 0,
    "updated": 0
  },
  {
    "id": "563426b1-2c8d-4481-ada1-a111e67c12ff",
    "data": [
      {
        "text": "JI ",
        "userDefined": false
      },
      {
        "text": "https://cdn.discordapp.com/avatars/501402284153110528/894225a700946d4cebadf885ed7bf0f3.png?size\u003d1024",
        "alias": "url",
        "meta": "@sys.url",
        "userDefined": false
      }
    ],
    "isTemplate": false,
    "count": 0,
    "updated": 0
  },
  {
    "id": "00d0620c-2dab-41b9-bb0f-7e0b97fea8cc",
    "data": [
      {
        "text": "What\u0027s in this image?",
        "userDefined": false
      }
    ],
    "isTemplate": false,
    "count": 0,
    "updated": 0
  },
  {
    "id": "ff9ba64a-f13d-42d8-84a7-76b4ca09a426",
    "data": [
      {
        "text": "what\u0027s in this?",
        "userDefined": false
      }
    ],
    "isTemplate": false,
    "count": 0,
    "updated": 0
  },
  {
    "id": "4b2d008c-7d4b-4822-a263-ac82bf2bfa9a",
    "data": [
      {
        "text": "image recognition ",
        "userDefined": false
      },
      {
        "text": "https://www.irishtimes.com/polopoly_fs/1.3551525.1530554608!/image/image.jpg_gen/derivatives/landscape_685/image.jpg",
        "alias": "url",
        "meta": "@sys.url",
        "userDefined": false
      }
    ],
    "isTemplate": false,
    "count": 1,
    "updated": 0
  },
  {
    "id": "858f9009-3d78-4bc1-afab-8a5f1ff3fa5f",
    "data": [
      {
        "text": "image recognition ",
        "userDefined": false
      },
      {
        "text": "http://xd.shitbot.space/NameDabYoutube.png",
        "alias": "url",
        "meta": "@sys.url",
        "userDefined": true
      }
    ],
    "isTemplate": false,
    "count": 3,
    "updated": 0
  },
  {
    "id": "2afb3ef0-6192-45f8-8345-0f8089bd420f",
    "data": [
      {
        "text": "image recognition ",
        "userDefined": false
      },
      {
        "text": "https://cdn.discordapp.com/attachments/265156286406983680/503735717663604746/quote.png",
        "alias": "url",
        "meta": "@sys.url",
        "userDefined": false
      }
    ],
    "isTemplate": false,
    "count": 1,
    "updated": 0
  },
  {
    "id": "d8ad4a06-9a87-4454-8f56-dbdd686f8d22",
    "data": [
      {
        "text": "image recognition ",
        "userDefined": false
      },
      {
        "text": "https://pbs.twimg.com/media/DqD25VMW4AEUim9.jpg",
        "alias": "url",
        "meta": "@sys.url",
        "userDefined": false
      }
    ],
    "isTemplate": false,
    "count": 0,
    "updated": 0
  },
  {
    "id": "a84f9022-d7f3-420d-ae55-ba2ab40b490e",
    "data": [
      {
        "text": "image recognition ",
        "userDefined": false
      },
      {
        "text": "https://cdn.discordapp.com/attachments/265156286406983680/503736940735234049/ass.png",
        "alias": "url",
        "meta": "@sys.url",
        "userDefined": false
      }
    ],
    "isTemplate": false,
    "count": 0,
    "updated": 0
  },
  {
    "id": "0a0306c1-5970-43b8-bbdd-92cc39422a63",
    "data": [
      {
        "text": "image recognition Tehi",
        "userDefined": false
      }
    ],
    "isTemplate": false,
    "count": 0,
    "updated": 0
  },
  {
    "id": "16026e42-1a24-4993-985b-159085d4aae6",
    "data": [
      {
        "text": "image recognition ",
        "userDefined": false
      },
      {
        "text": "https://cdn.discordapp.com/avatars/288006377484451850/8cec0871fe7490a555a7d4a64a3032c7.png",
        "alias": "url",
        "meta": "@sys.url",
        "userDefined": false
      }
    ],
    "isTemplate": false,
    "count": 0,
    "updated": 0
  },
  {
    "id": "26c6433a-62b9-45a7-bd1b-c46bbc5ad504",
    "data": [
      {
        "text": "image recognition ",
        "userDefined": false
      },
      {
        "text": "https://cdn.discordapp.com/avatars/160126268212379648/a_5179298471c235d22ed51688ddd7de8a.gif?size\u003d512",
        "alias": "url",
        "meta": "@sys.url",
        "userDefined": false
      }
    ],
    "isTemplate": false,
    "count": 0,
    "updated": 0
  },
  {
    "id": "eb9f93ad-c7ad-43a2-a674-098d1f58ffee",
    "data": [
      {
        "text": "image recognition ",
        "userDefined": false
      },
      {
        "text": "https://cdn.discordapp.com/avatars/344754852989108226/b56961b71e8b353a09618f733f3943d8.webp?size\u003d2048",
        "alias": "url",
        "meta": "@sys.url",
        "userDefined": false
      }
    ],
    "isTemplate": false,
    "count": 0,
    "updated": 0
  },
  {
    "id": "97accbe0-89f4-413f-88cc-b796272b5274",
    "data": [
      {
        "text": "image recognition",
        "userDefined": false
      }
    ],
    "isTemplate": false,
    "count": 3,
    "updated": 0
  },
  {
    "id": "d846bdea-642e-47e3-be0e-43a37da4fe65",
    "data": [
      {
        "text": "Do you see where the turtle is?",
        "userDefined": false
      }
    ],
    "isTemplate": false,
    "count": 0,
    "updated": 0
  },
  {
    "id": "362df979-12f2-43e3-b12e-b34f07bf1d67",
    "data": [
      {
        "text": "What\u0027s in the upper right corner of this picture? ",
        "userDefined": false
      },
      {
        "text": "https://cdn.discordapp.com/attachments/421383386230292521/502508806706692108/gettyimages-961697338.jpg",
        "alias": "url",
        "meta": "@sys.url",
        "userDefined": true
      }
    ],
    "isTemplate": false,
    "count": 0,
    "updated": 0
  },
  {
    "id": "975a5187-5b69-4528-9fab-f65cee1e55e9",
    "data": [
      {
        "text": "Tell me what is in this picture.",
        "userDefined": false
      }
    ],
    "isTemplate": false,
    "count": 0,
    "updated": 0
  },
  {
    "id": "10220ac2-ca01-4dd5-8351-e6a18adda9d2",
    "data": [
      {
        "text": "Is there a dog in this picture? ",
        "userDefined": false
      },
      {
        "text": "https://cdn.discordapp.com/attachments/421383386230292521/502508806706692108/gettyimages-961697338.jpg",
        "alias": "url",
        "meta": "@sys.url",
        "userDefined": true
      }
    ],
    "isTemplate": false,
    "count": 0,
    "updated": 0
  },
  {
    "id": "3d8da701-9276-4f8a-805f-a031dbb9299c",
    "data": [
      {
        "text": "Find the chicken.",
        "userDefined": false
      }
    ],
    "isTemplate": false,
    "count": 0,
    "updated": 0
  },
  {
    "id": "30e62c5f-22d1-4afb-aab6-360447419153",
    "data": [
      {
        "text": "Do object recognition on this image. ",
        "userDefined": false
      },
      {
        "text": "https://images.pexels.com/photos/67636/rose-blue-flower-rose-blooms-67636.jpeg",
        "alias": "url",
        "meta": "@sys.url",
        "userDefined": true
      }
    ],
    "isTemplate": false,
    "count": 0,
    "updated": 0
  },
  {
    "id": "5818e8ce-567a-4156-bce1-58b4088931a8",
    "data": [
      {
        "text": "Inform me of whether there is a person in this picture. ",
        "userDefined": false
      },
      {
        "text": "https://images.pexels.com/photos/1040626/pexels-photo-1040626.jpeg",
        "alias": "url",
        "meta": "@sys.url",
        "userDefined": true
      }
    ],
    "isTemplate": false,
    "count": 0,
    "updated": 0
  },
  {
    "id": "2090c60d-12aa-4c21-85de-3c16549b5f57",
    "data": [
      {
        "text": "How many objects do you see?",
        "userDefined": false
      }
    ],
    "isTemplate": false,
    "count": 0,
    "updated": 0
  },
  {
    "id": "2f76717b-4908-4d0c-bf90-d2af28e55e1f",
    "data": [
      {
        "text": "grayscale",
        "userDefined": false
      }
    ],
    "isTemplate": false,
    "count": 0,
    "updated": 0
  },
  {
    "id": "0fcd1299-d060-49f7-8481-bbbee4786b4f",
    "data": [
      {
        "text": "object recognition",
        "userDefined": false
      }
    ],
    "isTemplate": false,
    "count": 1,
    "updated": 0
  },
  {
    "id": "16695393-889b-4d67-bcae-575805486711",
    "data": [
      {
        "text": "Describe ",
        "userDefined": false
      },
      {
        "text": "https://cdn.discordapp.com/attachments/488466948439670785/501409961453158431/mememememe.png",
        "alias": "url",
        "meta": "@sys.url",
        "userDefined": true
      }
    ],
    "isTemplate": false,
    "count": 1,
    "updated": 0
  },
  {
    "id": "df136575-80ed-49e6-8154-48cc3fc31bc6",
    "data": [
      {
        "text": "https://gyazo.com/7c2acea7ac3a7bb45fdbfc41164fb0dc",
        "alias": "url",
        "meta": "@sys.url",
        "userDefined": true
      },
      {
        "text": " what\u0027s in this?",
        "userDefined": false
      }
    ],
    "isTemplate": false,
    "count": 0,
    "updated": 0
  },
  {
    "id": "c28672a5-fb7f-4287-9b9d-d17a9d900861",
    "data": [
      {
        "text": "What\u0027s in ",
        "userDefined": false
      },
      {
        "text": "http://farm8.staticflickr.com/7161/6482913185_3b991925cc_z.jpg",
        "alias": "url",
        "meta": "@sys.url",
        "userDefined": true
      },
      {
        "text": "?",
        "userDefined": false
      }
    ],
    "isTemplate": false,
    "count": 0,
    "updated": 0
  },
  {
    "id": "76739cac-9214-4995-b167-e7be0ba211db",
    "data": [
      {
        "text": "ji",
        "userDefined": false
      }
    ],
    "isTemplate": false,
    "count": 0,
    "updated": 0
  },
  {
    "id": "1ba12d0c-8d66-4c42-b38e-f645cbfb6586",
    "data": [
      {
        "text": "What\u0027s in this picture?",
        "userDefined": false
      }
    ],
    "isTemplate": false,
    "count": 0,
    "updated": 1539553887
  },
  {
    "id": "bfcac9ba-b2d4-45b9-803f-577a3281db9c",
    "data": [
      {
        "text": "Can anyone help me see the objects in this picture?",
        "userDefined": false
      }
    ],
    "isTemplate": false,
    "count": 0,
    "updated": 1539554099
  },
  {
    "id": "2e8c10f6-088b-444a-9842-145a4686493c",
    "data": [
      {
        "text": "Can you detect objects in this?",
        "userDefined": false
      }
    ],
    "isTemplate": false,
    "count": 0,
    "updated": 1539554099
  },
  {
    "id": "b5da9428-fb71-4902-bab9-19328f493acf",
    "data": [
      {
        "text": "Can you perform object recognition on this?",
        "userDefined": false
      }
    ],
    "isTemplate": false,
    "count": 0,
    "updated": 1539554099
  },
  {
    "id": "348371aa-6875-48d9-a2ef-3908bfc2f8f2",
    "data": [
      {
        "text": "Is there a giraffe in this picture?",
        "userDefined": false
      }
    ],
    "isTemplate": false,
    "count": 0,
    "updated": 1539554099
  },
  {
    "id": "afd30b4b-b4cc-4e54-813e-93ec70915cfe",
    "data": [
      {
        "text": "Where\u0027s the dog?",
        "userDefined": false
      }
    ],
    "isTemplate": false,
    "count": 0,
    "updated": 1539554099
  },
  {
    "id": "1079d083-3d24-47f2-bb6f-e025c0ad5270",
    "data": [
      {
        "text": "Where\u0027s the cat?",
        "userDefined": false
      }
    ],
    "isTemplate": false,
    "count": 0,
    "updated": 1539554099
  },
  {
    "id": "20148bdf-3126-4a2b-83a4-2bbb216df0f3",
    "data": [
      {
        "text": "Can you see me?",
        "userDefined": false
      }
    ],
    "isTemplate": false,
    "count": 0,
    "updated": 1539554099
  },
  {
    "id": "49208da0-721f-4c09-a04a-1ca15e60b968",
    "data": [
      {
        "text": "Find the objects",
        "userDefined": false
      }
    ],
    "isTemplate": false,
    "count": 0,
    "updated": 1539554099
  },
  {
    "id": "f6dfc877-61c9-43ab-b4ea-81402773c72c",
    "data": [
      {
        "text": "Can you tell me the things in this picture?",
        "userDefined": false
      }
    ],
    "isTemplate": false,
    "count": 0,
    "updated": 1539554099
  },
  {
    "id": "a2e2afb8-370f-4014-8379-22b2bd70b75a",
    "data": [
      {
        "text": "Detect the objects here",
        "userDefined": false
      }
    ],
    "isTemplate": false,
    "count": 0,
    "updated": 1539553887
  },
  {
    "id": "fa2dc465-300f-47a8-83b6-11358a9114d4",
    "data": [
      {
        "text": "Is that a car?",
        "userDefined": false
      }
    ],
    "isTemplate": false,
    "count": 0,
    "updated": 1539553887
  },
  {
    "id": "be63a87d-f95c-4283-9ad2-3ccf8ff3c143",
    "data": [
      {
        "text": "Is that an animal?",
        "userDefined": false
      }
    ],
    "isTemplate": false,
    "count": 1,
    "updated": 1539553887
  }
]