[
  {
    "id": "3cbebf81-c428-4c9b-ad6a-455ca69b46c1",
    "data": [
      {
        "text": "Give ME INVITE LINK",
        "userDefined": false
      }
    ],
    "isTemplate": false,
    "count": 0,
    "updated": 1540576556
  },
  {
    "id": "d4e10996-73a1-428d-a52f-d46cc80fe620",
    "data": [
      {
        "text": "invite link!",
        "userDefined": false
      }
    ],
    "isTemplate": false,
    "count": 0,
    "updated": 1540576556
  },
  {
    "id": "13c79864-362f-4482-b1ca-2187230339a2",
    "data": [
      {
        "text": "what\u0027s your add link?",
        "userDefined": false
      }
    ],
    "isTemplate": false,
    "count": 0,
    "updated": 1540576556
  },
  {
    "id": "7e9a29aa-324d-433f-a804-e19e98219748",
    "data": [
      {
        "text": "add link!",
        "userDefined": false
      }
    ],
    "isTemplate": false,
    "count": 0,
    "updated": 1540576556
  },
  {
    "id": "9c7cd854-3bf0-49ae-bc1d-32d400228305",
    "data": [
      {
        "text": "i want you in my server",
        "userDefined": false
      }
    ],
    "isTemplate": false,
    "count": 0,
    "updated": 1540576556
  },
  {
    "id": "a4260e55-d1d9-4e21-a218-369c81d3c34c",
    "data": [
      {
        "text": "do you have an invite link?",
        "userDefined": false
      }
    ],
    "isTemplate": false,
    "count": 0,
    "updated": 1540576556
  },
  {
    "id": "f744792d-e4c9-4dfa-b0af-1a86764c55e7",
    "data": [
      {
        "text": "what\u0027s your invite?",
        "userDefined": false
      }
    ],
    "isTemplate": false,
    "count": 0,
    "updated": 1540576556
  },
  {
    "id": "237b93f8-ade1-43dc-9fde-e2c2359acb8d",
    "data": [
      {
        "text": "how can i get you into my server?",
        "userDefined": false
      }
    ],
    "isTemplate": false,
    "count": 0,
    "updated": 1540576556
  },
  {
    "id": "8e5c2d60-66e0-476a-8bf4-7112115b794b",
    "data": [
      {
        "text": "how can I add you?",
        "userDefined": false
      }
    ],
    "isTemplate": false,
    "count": 0,
    "updated": 1540576556
  },
  {
    "id": "7feea21b-3070-4772-a4d0-282e03ced053",
    "data": [
      {
        "text": "what\u0027s your invite link?",
        "userDefined": false
      }
    ],
    "isTemplate": false,
    "count": 0,
    "updated": 1540576556
  },
  {
    "id": "e42bf101-e240-4b81-afd0-cf3acaaa0c14",
    "data": [
      {
        "text": "invite",
        "userDefined": false
      }
    ],
    "isTemplate": false,
    "count": 1,
    "updated": 0
  }
]