[
  {
    "id": "4c05ce0d-5d12-4aaa-88ad-5a4be71a6e66",
    "data": [
      {
        "text": "OCR",
        "userDefined": false
      }
    ],
    "isTemplate": false,
    "count": 2,
    "updated": 1540513420
  },
  {
    "id": "5e6b4eef-ccf9-437f-8e1b-e06595b3dcac",
    "data": [
      {
        "text": "Can you read this?",
        "userDefined": false
      }
    ],
    "isTemplate": false,
    "count": 2,
    "updated": 1539553839
  },
  {
    "id": "242286c4-dd13-4808-b86a-3bddff15e796",
    "data": [
      {
        "text": "can you read this for me ",
        "userDefined": false
      },
      {
        "text": "https://cdn.discordapp.com/attachments/501471071162073089/509774584132927498/image0.jpg",
        "alias": "url",
        "meta": "@sys.url",
        "userDefined": false
      }
    ],
    "isTemplate": false,
    "count": 0,
    "updated": 0
  },
  {
    "id": "01ca6d2d-3a49-41d8-89c0-14a6e1627b6c",
    "data": [
      {
        "text": "faceeeeeee ",
        "userDefined": false
      },
      {
        "text": "https://cdn.discordapp.com/attachments/265156286406983680/509856797272834049/result.jpg",
        "alias": "url",
        "meta": "@sys.url",
        "userDefined": false
      }
    ],
    "isTemplate": false,
    "count": 0,
    "updated": 0
  },
  {
    "id": "384c7a15-42d9-4e82-9641-046673517e17",
    "data": [
      {
        "text": "read this",
        "userDefined": false
      }
    ],
    "isTemplate": false,
    "count": 0,
    "updated": 0
  },
  {
    "id": "0665671f-5501-4135-9fe7-df478c28a2a9",
    "data": [
      {
        "text": "what text is in this image",
        "userDefined": false
      }
    ],
    "isTemplate": false,
    "count": 3,
    "updated": 1540513420
  },
  {
    "id": "36e25999-739f-4afb-9090-adba11c0671b",
    "data": [
      {
        "text": "do you know this book",
        "userDefined": false
      }
    ],
    "isTemplate": false,
    "count": 0,
    "updated": 0
  },
  {
    "id": "9a702a16-7cce-4597-bf0a-0b16978b3642",
    "data": [
      {
        "text": "what does this say ",
        "userDefined": false
      },
      {
        "text": "https://killing-myself.is-my-life.style/7wn4pWem.png",
        "alias": "url",
        "meta": "@sys.url",
        "userDefined": true
      }
    ],
    "isTemplate": false,
    "count": 1,
    "updated": 0
  },
  {
    "id": "a886b640-6621-4cba-aca1-15c953dbdcbc",
    "data": [
      {
        "text": "ocr this ",
        "userDefined": false
      },
      {
        "text": "http://plsdab.asuscomm.com/screenshots/yee.png",
        "alias": "url",
        "meta": "@sys.url",
        "userDefined": false
      }
    ],
    "isTemplate": false,
    "count": 0,
    "updated": 0
  },
  {
    "id": "73d53716-caa1-49b4-b371-7d4c103883e5",
    "data": [
      {
        "text": "what text is in this image? ",
        "userDefined": false
      },
      {
        "text": "https://cdn.discordapp.com/attachments/421383386230292521/507706168391761920/StreetSigns4.png",
        "alias": "url",
        "meta": "@sys.url",
        "userDefined": false
      }
    ],
    "isTemplate": false,
    "count": 0,
    "updated": 0
  },
  {
    "id": "e725ebfb-16dd-4775-94c1-7b298e2b0037",
    "data": [
      {
        "text": "what text is in this image? ",
        "userDefined": false
      },
      {
        "text": "https://cdn.discordapp.com/attachments/421383386230292521/507707237658001447/DSCF3462-810x609.png",
        "alias": "url",
        "meta": "@sys.url",
        "userDefined": false
      }
    ],
    "isTemplate": false,
    "count": 0,
    "updated": 0
  },
  {
    "id": "82f9010a-f037-4252-916f-2eddba4ffb70",
    "data": [
      {
        "text": "what text is in this image?",
        "userDefined": false
      },
      {
        "text": "https://we-ha.com/wp-content/uploads/2017/06/DSCF3462-810x609.jpg",
        "alias": "url",
        "meta": "@sys.url",
        "userDefined": false
      }
    ],
    "isTemplate": false,
    "count": 0,
    "updated": 0
  },
  {
    "id": "d58c49f4-7221-4c6c-a6e0-d0e7c1495691",
    "data": [
      {
        "text": "what text in in this? ",
        "userDefined": false
      },
      {
        "text": "https://we-ha.com/wp-content/uploads/2017/06/DSCF3462-810x609.jpg",
        "alias": "url",
        "meta": "@sys.url",
        "userDefined": false
      }
    ],
    "isTemplate": false,
    "count": 0,
    "updated": 0
  },
  {
    "id": "a7be5cd2-52f1-4947-b784-89917d608dda",
    "data": [
      {
        "text": "what text is in this image? ",
        "userDefined": false
      },
      {
        "text": "https://www.reviewjournal.com/wp-content/uploads/2018/02/9749552_web1_crop-signs-bh-026.jpg",
        "alias": "url",
        "meta": "@sys.url",
        "userDefined": false
      }
    ],
    "isTemplate": false,
    "count": 0,
    "updated": 0
  },
  {
    "id": "dd028b50-e7ab-44fa-9314-a065e52169f8",
    "data": [
      {
        "text": "can you find the text in ",
        "userDefined": false
      },
      {
        "text": "https://cdn.discordapp.com/attachments/421383386230292521/507706899290914826/DSCF3462-810x609.png",
        "alias": "url",
        "meta": "@sys.url",
        "userDefined": false
      }
    ],
    "isTemplate": false,
    "count": 2,
    "updated": 0
  },
  {
    "id": "51f61b10-13db-42e7-bcbf-ddbfa843965b",
    "data": [
      {
        "text": "OCR ",
        "userDefined": false
      },
      {
        "text": "https://cdn.discordapp.com/attachments/480797286666993674/503001990704529419/0d9eeac868ecfc7fb2df5973c9a86b20_2_3_art.png",
        "alias": "url",
        "meta": "@sys.url",
        "userDefined": true
      }
    ],
    "isTemplate": false,
    "count": 0,
    "updated": 1540576310
  },
  {
    "id": "eeff2794-18cf-4b90-b196-84df030d833a",
    "data": [
      {
        "text": "could you read this for me? ",
        "userDefined": false
      },
      {
        "text": "https://cdn.discordapp.com/attachments/480797286666993674/503016976357261325/battle.png",
        "alias": "url",
        "meta": "@sys.url",
        "userDefined": true
      }
    ],
    "isTemplate": false,
    "count": 0,
    "updated": 0
  },
  {
    "id": "f4b38e15-060b-42e1-8f41-35d141f599dc",
    "data": [
      {
        "text": "what does this say? ",
        "userDefined": false
      },
      {
        "text": "https://cdn.discordapp.com/attachments/480797286666993674/503016976357261325/battle.png",
        "alias": "url",
        "meta": "@sys.url",
        "userDefined": true
      }
    ],
    "isTemplate": false,
    "count": 0,
    "updated": 1540513420
  },
  {
    "id": "fa5538a1-ee75-4d73-887e-1c7dc33c9c7d",
    "data": [
      {
        "text": "JT",
        "userDefined": false
      }
    ],
    "isTemplate": false,
    "count": 0,
    "updated": 1540513420
  },
  {
    "id": "0abc0af8-c826-400f-b65a-975bcc7cc58a",
    "data": [
      {
        "text": "JT ",
        "userDefined": false
      },
      {
        "text": "http://www.text2image.com/user_images/text2image_J85471_20181023_110134.jpg",
        "alias": "url",
        "meta": "@sys.url",
        "userDefined": false
      }
    ],
    "isTemplate": false,
    "count": 0,
    "updated": 0
  },
  {
    "id": "921cb249-e683-46f8-9204-46ab6c13976a",
    "data": [
      {
        "text": "what does this say? ",
        "userDefined": false
      },
      {
        "text": "http://www.text2image.com/user_images/text2image_J85471_20181023_110134.jpg",
        "alias": "url",
        "meta": "@sys.url",
        "userDefined": false
      }
    ],
    "isTemplate": false,
    "count": 0,
    "updated": 0
  },
  {
    "id": "7dfa1225-4a7c-4e73-8216-2d0f1876ed5f",
    "data": [
      {
        "text": "could you read this for me? ",
        "userDefined": false
      },
      {
        "text": "http://www.text2image.com/user_images/text2image_J85471_20181023_110134.jpg",
        "alias": "url",
        "meta": "@sys.url",
        "userDefined": false
      }
    ],
    "isTemplate": false,
    "count": 2,
    "updated": 0
  },
  {
    "id": "b0809164-6bb2-41e1-969d-c952fa69fdd9",
    "data": [
      {
        "text": "what text is in this image ",
        "userDefined": false
      },
      {
        "text": "http://www.text2image.com/user_images/text2image_J85471_20181023_110134.jpg",
        "alias": "url",
        "meta": "@sys.url",
        "userDefined": false
      }
    ],
    "isTemplate": false,
    "count": 3,
    "updated": 0
  },
  {
    "id": "ccc0f3c0-bfd6-46ff-9873-560553ee496d",
    "data": [
      {
        "text": "what does this say?",
        "userDefined": false
      }
    ],
    "isTemplate": false,
    "count": 0,
    "updated": 1540576310
  },
  {
    "id": "5e4bba52-46bf-4c26-aff7-efa1da864b5c",
    "data": [
      {
        "text": "could you read this for me?\n",
        "userDefined": false
      },
      {
        "text": "https://i.ytimg.com/vi/BLUkgRAy_Vo/maxresdefault.jpg",
        "alias": "url",
        "meta": "@sys.url",
        "userDefined": false
      }
    ],
    "isTemplate": false,
    "count": 2,
    "updated": 0
  },
  {
    "id": "ad48e95a-9883-4391-aeda-c50ee11b30b4",
    "data": [
      {
        "text": "what does this say? ",
        "userDefined": false
      },
      {
        "text": "https://recruitingtools.com/wp-content/uploads/sites/",
        "alias": "url",
        "meta": "@sys.url",
        "userDefined": false
      },
      {
        "text": "2/2017/01/no-one-cares.png",
        "userDefined": false
      }
    ],
    "isTemplate": false,
    "count": 0,
    "updated": 0
  },
  {
    "id": "6ff808f5-4f3f-46a4-a592-c7642ac6a832",
    "data": [
      {
        "text": "What text is in this image?",
        "userDefined": false
      }
    ],
    "isTemplate": false,
    "count": 2,
    "updated": 1539553839
  },
  {
    "id": "008ce729-a3bb-4749-b7a3-ab43d05779df",
    "data": [
      {
        "text": "what text in this image?",
        "userDefined": false
      }
    ],
    "isTemplate": false,
    "count": 0,
    "updated": 0
  },
  {
    "id": "2ea464e8-abd2-446c-b535-b85ddbd9a5d1",
    "data": [
      {
        "text": "what text is in this? ",
        "userDefined": false
      },
      {
        "text": "https://cdn.discordapp.com/attachments/265156286406983680/504708632487657486/unknown.png",
        "alias": "url",
        "meta": "@sys.url",
        "userDefined": false
      }
    ],
    "isTemplate": false,
    "count": 0,
    "updated": 1540576310
  },
  {
    "id": "25026812-6cb3-4ab7-8b53-6edc38c53475",
    "data": [
      {
        "text": "what text is in ",
        "userDefined": false
      },
      {
        "text": "https://cdn.discordapp.com/attachments/265156286406983680/504708632487657486/unknown.png",
        "alias": "url",
        "meta": "@sys.url",
        "userDefined": false
      }
    ],
    "isTemplate": false,
    "count": 0,
    "updated": 1540576310
  },
  {
    "id": "5d167041-9552-4088-a17f-191eb3255cd3",
    "data": [
      {
        "text": "what text is in",
        "userDefined": false
      }
    ],
    "isTemplate": false,
    "count": 0,
    "updated": 1540576310
  },
  {
    "id": "c563e490-3adc-45b3-9e2e-614068c0e6f8",
    "data": [
      {
        "text": "what text is in this? ",
        "userDefined": false
      },
      {
        "text": "https://cdn.discordapp.com/attachments/265156286406983680/504709093873942528/unknown.png",
        "alias": "url",
        "meta": "@sys.url",
        "userDefined": true
      }
    ],
    "isTemplate": false,
    "count": 1,
    "updated": 1540402586
  },
  {
    "id": "81a70094-a6b0-4c3c-a5dd-fc2ec1ebb48f",
    "data": [
      {
        "text": "Read this for me please",
        "userDefined": false
      }
    ],
    "isTemplate": false,
    "count": 0,
    "updated": 1540167696
  },
  {
    "id": "7c9ce974-e5b0-4a7b-9ed5-770d944dcf84",
    "data": [
      {
        "text": "Can you do OCR on this? ",
        "userDefined": false
      },
      {
        "text": "http://d2jaiao3zdxbzm.cloudfront.net/wp-content/uploads/figure-65.png",
        "alias": "url",
        "meta": "@sys.url",
        "userDefined": true
      }
    ],
    "isTemplate": false,
    "count": 0,
    "updated": 1539553839
  },
  {
    "id": "b89bfac6-4dc0-4073-9dd8-e6b882853347",
    "data": [
      {
        "text": "Read the words",
        "userDefined": false
      }
    ],
    "isTemplate": false,
    "count": 0,
    "updated": 1539553839
  },
  {
    "id": "205bd18c-5511-4a40-88f1-472893f4ba7a",
    "data": [
      {
        "text": "http://d2jaiao3zdxbzm.cloudfront.net/wp-content/uploads/figure-65.png",
        "alias": "url",
        "meta": "@sys.url",
        "userDefined": true
      },
      {
        "text": " Find the words",
        "userDefined": false
      }
    ],
    "isTemplate": false,
    "count": 0,
    "updated": 1539553839
  },
  {
    "id": "882c4d4e-f438-4e04-af0f-52415138a7c4",
    "data": [
      {
        "text": "Read this passage ",
        "userDefined": false
      },
      {
        "text": "http://d2jaiao3zdxbzm.cloudfront.net/wp-content/uploads/figure-65.png",
        "alias": "url",
        "meta": "@sys.url",
        "userDefined": true
      }
    ],
    "isTemplate": false,
    "count": 0,
    "updated": 1539553839
  },
  {
    "id": "f08a8a95-f71b-4b25-a8af-be9e87cea768",
    "data": [
      {
        "text": "Tell me the words here ",
        "userDefined": false
      },
      {
        "text": "https://i.stack.imgur.com/Y8EqO.jpg",
        "alias": "url",
        "meta": "@sys.url",
        "userDefined": true
      }
    ],
    "isTemplate": false,
    "count": 0,
    "updated": 1539553839
  },
  {
    "id": "edeea1be-f987-406f-b146-a6814f5dc6a9",
    "data": [
      {
        "text": "Is there text?",
        "userDefined": false
      }
    ],
    "isTemplate": false,
    "count": 0,
    "updated": 1539553839
  },
  {
    "id": "db0d963d-f7be-4adc-87a3-6fe8770a95f0",
    "data": [
      {
        "text": "Could you read this? ",
        "userDefined": false
      },
      {
        "text": "https://cdn.discordapp.com/attachments/480797286666993674/503607952482238475/unknown.png",
        "alias": "url",
        "meta": "@sys.url",
        "userDefined": true
      }
    ],
    "isTemplate": false,
    "count": 0,
    "updated": 1539553839
  },
  {
    "id": "90e7bbbd-b46b-44cf-a5bc-475837dfc0d8",
    "data": [
      {
        "text": "Read this.  ",
        "userDefined": false
      },
      {
        "text": "https://i.stack.imgur.com/Y8EqO.jpg",
        "alias": "url",
        "meta": "@sys.url",
        "userDefined": true
      }
    ],
    "isTemplate": false,
    "count": 0,
    "updated": 1539553839
  },
  {
    "id": "3004a421-379d-4199-8ee7-0414a47d8191",
    "data": [
      {
        "text": "Read ",
        "userDefined": false
      },
      {
        "text": "https://cdn.discordapp.com/attachments/265156286406983680/504709093873942528/unknown.png",
        "alias": "url",
        "meta": "@sys.url",
        "userDefined": true
      },
      {
        "text": " for me",
        "userDefined": false
      }
    ],
    "isTemplate": false,
    "count": 0,
    "updated": 1540402586
  },
  {
    "id": "a42e5056-7181-4ff0-b779-59bfb577a914",
    "data": [
      {
        "text": "Are there words in this image? ",
        "userDefined": false
      },
      {
        "text": "https://cdn.discordapp.com/attachments/480797286666993674/503001083187298304/Jade_Hime.png",
        "alias": "url",
        "meta": "@sys.url",
        "userDefined": true
      }
    ],
    "isTemplate": false,
    "count": 0,
    "updated": 1539553839
  }
]