[
  {
    "id": "623d7f90-867e-4a59-8274-582391c34865",
    "data": [
      {
        "text": "pin",
        "userDefined": false
      }
    ],
    "isTemplate": false,
    "count": 0,
    "updated": 0
  },
  {
    "id": "aa7721b0-df5a-42bd-8f22-e561f60ab049",
    "data": [
      {
        "text": "ping",
        "userDefined": false
      }
    ],
    "isTemplate": false,
    "count": 2,
    "updated": 1539648438
  },
  {
    "id": "ddc6fa0f-d5d5-4e4d-a373-c94192ba3998",
    "data": [
      {
        "text": "what\u0027s your latency",
        "userDefined": false
      }
    ],
    "isTemplate": false,
    "count": 0,
    "updated": 0
  },
  {
    "id": "4f91b8b0-a77a-41a3-8bde-518c50b07858",
    "data": [
      {
        "text": "holy frick this is cool! now tell me your ping please",
        "userDefined": false
      }
    ],
    "isTemplate": false,
    "count": 0,
    "updated": 0
  },
  {
    "id": "48921937-19e8-446d-aa14-1e947b976098",
    "data": [
      {
        "text": "how slow r u",
        "userDefined": false
      }
    ],
    "isTemplate": false,
    "count": 0,
    "updated": 0
  },
  {
    "id": "28bb56a5-8122-4fa5-a87b-daba48f882c1",
    "data": [
      {
        "text": "what is your latency",
        "userDefined": false
      }
    ],
    "isTemplate": false,
    "count": 0,
    "updated": 0
  },
  {
    "id": "1b5c1387-0f26-4707-8caa-a1814069d1fd",
    "data": [
      {
        "text": "what\u0027s the ping?",
        "userDefined": false
      }
    ],
    "isTemplate": false,
    "count": 0,
    "updated": 1539648438
  },
  {
    "id": "f137c158-79e8-43c1-8509-5c75b3e932f3",
    "data": [
      {
        "text": "ping me",
        "userDefined": false
      }
    ],
    "isTemplate": false,
    "count": 0,
    "updated": 1539648438
  },
  {
    "id": "3cc50b3c-4160-41a9-8e81-1018eaff673e",
    "data": [
      {
        "text": "what\u0027s your ping?",
        "userDefined": false
      }
    ],
    "isTemplate": false,
    "count": 0,
    "updated": 1539648438
  },
  {
    "id": "a1f85921-a323-443e-b08f-e732286f13f6",
    "data": [
      {
        "text": "pong",
        "userDefined": false
      }
    ],
    "isTemplate": false,
    "count": 0,
    "updated": 1539648438
  }
]