[
  {
    "id": "256cc90d-9602-4345-9be8-85d5aecfc3d2",
    "data": [
      {
        "text": "DBL",
        "userDefined": false
      }
    ],
    "isTemplate": false,
    "count": 0,
    "updated": 1542136791
  },
  {
    "id": "2a2b6b9d-4f71-4259-93c4-150dd9288115",
    "data": [
      {
        "text": "DBL vote",
        "userDefined": false
      }
    ],
    "isTemplate": false,
    "count": 0,
    "updated": 1542136791
  },
  {
    "id": "06f4f7c1-b88f-4859-872b-e4c2af8492fe",
    "data": [
      {
        "text": "How can i upvote you?",
        "userDefined": false
      }
    ],
    "isTemplate": false,
    "count": 0,
    "updated": 1542136791
  },
  {
    "id": "a764b2aa-e7fe-4420-99e4-1a2e0246b87f",
    "data": [
      {
        "text": "What\u0027s your link to vote?",
        "userDefined": false
      }
    ],
    "isTemplate": false,
    "count": 0,
    "updated": 1542136791
  }
]